{"type":"FeatureCollection","name":"seaside_park_road_centerlines","metadata":{"source":"NJOGIS NG911 Road Centerlines (Tran_road)","url":"https://services2.arcgis.com/XVOqAjTOJ5P6ngMu/arcgis/rest/services/Tran_road/FeatureServer/0","query_url":"https://services2.arcgis.com/XVOqAjTOJ5P6ngMu/arcgis/rest/services/Tran_road/FeatureServer/0/query","retrieved_at_utc":"2026-09-04T20:06:06.932698+00:00","source_last_edit_date":1785341586960,"out_sr":4326,"query_envelope_wgs84":[-74.0872371,39.9126748,-74.0706007,39.9380392],"spatial_relationship":"esriSpatialRelIntersects","boundary_file":"seaside_park_boundary.geojson","boundary_sha256":"74f86ecb1112dc15c842f5df6eb1695a5f52030f43a2f6a53c5fd4c6a3d386b8","fields":["OBJECTID","PRIMENAME","ELEVTYP_F","ELEVTYP_T"],"feature_count":379,"complete_objectid_inventory_verified":true,"municipal_clipping":"Envelope selection only; clip against the actual municipal boundary in the application."},"features":[{"type":"Feature","id":828,"properties":{"OBJECTID":828,"PRIMENAME":"G Street","ELEVTYP_F":0,"ELEVTYP_T":0},"geometry":{"type":"LineString","coordinates":[[-74.077401209913,39.9280347719859],[-74.0777090527842,39.9280647480272]]}},{"type":"Feature","id":1067,"properties":{"OBJECTID":1067,"PRIMENAME":"L Street","ELEVTYP_F":0,"ELEVTYP_T":0},"geometry":{"type":"LineString","coordinates":[[-74.0770988732723,39.9318214572186],[-74.076810074417,39.9317944871964]]}},{"type":"Feature","id":1398,"properties":{"OBJECTID":1398,"PRIMENAME":"Central Avenue","ELEVTYP_F":0,"ELEVTYP_T":0},"geometry":{"type":"LineString","coordinates":[[-74.0762003511851,39.9377068960482],[-74.0762620774555,39.9373382237124]]}},{"type":"Feature","id":4284,"properties":{"OBJECTID":4284,"PRIMENAME":"Lake Avenue","ELEVTYP_F":0,"ELEVTYP_T":0},"geometry":{"type":"LineString","coordinates":[[-74.0789501002027,39.9361914948023],[-74.0788633538582,39.9367286440304],[-74.0788518408063,39.9367915541311],[-74.0788293234526,39.9368286448739],[-74.0788050335898,39.9368450919758]]}},{"type":"Feature","id":4453,"properties":{"OBJECTID":4453,"PRIMENAME":"9th Avenue","ELEVTYP_F":0,"ELEVTYP_T":0},"geometry":{"type":"LineString","coordinates":[[-74.0795806370053,39.9167377949692],[-74.0793392662635,39.9167137486119]]}},{"type":"Feature","id":6270,"properties":{"OBJECTID":6270,"PRIMENAME":"Millers Lane","ELEVTYP_F":0,"ELEVTYP_T":0},"geometry":{"type":"LineString","coordinates":[[-74.0805482579756,39.9129058011787],[-74.0800046169367,39.9128351292853]]}},{"type":"Feature","id":6725,"properties":{"OBJECTID":6725,"PRIMENAME":"South Bayview Avenue","ELEVTYP_F":0,"ELEVTYP_T":0},"geometry":{"type":"LineString","coordinates":[[-74.08056586284,39.919828093857],[-74.0805658638017,39.9198279362348],[-74.0805715812476,39.9197848746568],[-74.0806320296964,39.9195839655832],[-74.0807173567701,39.9193026789498],[-74.0807599289168,39.9191741012979],[-74.080784708477,39.9191098111338],[-74.0807866586628,39.9191057550433]]}},{"type":"Feature","id":8771,"properties":{"OBJECTID":8771,"PRIMENAME":"South Bayview Avenue","ELEVTYP_F":0,"ELEVTYP_T":0},"geometry":{"type":"LineString","coordinates":[[-74.0848282584143,39.9131688295024],[-74.0848260639008,39.9131905605094],[-74.0848179399123,39.9133020494972],[-74.0848239027136,39.9133654346565]]}},{"type":"Feature","id":8820,"properties":{"OBJECTID":8820,"PRIMENAME":"Lake Avenue","ELEVTYP_F":0,"ELEVTYP_T":0},"geometry":{"type":"LineString","coordinates":[[-74.0792144297712,39.9327863066453],[-74.0792179109981,39.9328234918407],[-74.0791954827147,39.9328520171936],[-74.079150731131,39.9328747239552],[-74.0790984553739,39.9329145890525],[-74.0790647440779,39.9329630603144],[-74.0790421579806,39.9330115989793],[-74.0790270246775,39.9330601646987],[-74.0790230166597,39.9331030611694],[-74.0790264815964,39.93314881122],[-74.0790373804783,39.9331860233497],[-74.0790594234262,39.9332261591295],[-74.0790814840606,39.9332634117765],[-74.0791109624713,39.933300691346]]}},{"type":"Feature","id":9551,"properties":{"OBJECTID":9551,"PRIMENAME":"6th Avenue","ELEVTYP_F":0,"ELEVTYP_T":0},"geometry":{"type":"LineString","coordinates":[[-74.0787257365565,39.9188997306935],[-74.0771918984501,39.9187406611507],[-74.0762534650537,39.9186368640316]]}},{"type":"Feature","id":10244,"properties":{"OBJECTID":10244,"PRIMENAME":"South Bayview Avenue","ELEVTYP_F":0,"ELEVTYP_T":0},"geometry":{"type":"LineString","coordinates":[[-74.0843884895247,39.9149869539717],[-74.0844500295564,39.9148802141193],[-74.0845487566981,39.914684792952],[-74.0847180337808,39.9143367335822],[-74.0847392322137,39.9142801722689]]}},{"type":"Feature","id":10534,"properties":{"OBJECTID":10534,"PRIMENAME":"FR RT 35 NB to RT 35 SB","ELEVTYP_F":0,"ELEVTYP_T":0},"geometry":{"type":"LineString","coordinates":[[-74.0772999162747,39.9366357609342],[-74.0773057924136,39.9365965787074],[-74.0773765898006,39.9363870069636]]}},{"type":"Feature","id":11846,"properties":{"OBJECTID":11846,"PRIMENAME":"C Street","ELEVTYP_F":0,"ELEVTYP_T":0},"geometry":{"type":"LineString","coordinates":[[-74.0781236352507,39.9252579406775],[-74.0778775325331,39.9252332705688]]}},{"type":"Feature","id":12340,"properties":{"OBJECTID":12340,"PRIMENAME":"5th Avenue","ELEVTYP_F":0,"ELEVTYP_T":0},"geometry":{"type":"LineString","coordinates":[[-74.076125264089,39.9193749340952],[-74.0768099633048,39.9194417597665],[-74.078491229258,39.9196168104828]]}},{"type":"Feature","id":16402,"properties":{"OBJECTID":16402,"PRIMENAME":"Lafayette Avenue","ELEVTYP_F":0,"ELEVTYP_T":0},"geometry":{"type":"LineString","coordinates":[[-74.0777430556916,39.9346777458753],[-74.0776672813736,39.9346703317174],[-74.0775941451047,39.9346631748178]]}},{"type":"Feature","id":16805,"properties":{"OBJECTID":16805,"PRIMENAME":"FR RT 35 SB to RT 35 NB","ELEVTYP_F":0,"ELEVTYP_T":0},"geometry":{"type":"LineString","coordinates":[[-74.0769736826261,39.9354043357135],[-74.076910942766,39.9354057271776],[-74.0767198316167,39.9354042604351],[-74.0766066685773,39.9353991446186],[-74.0765500864875,39.9353965853159],[-74.0765213329332,39.9353966195159],[-74.0764927427998,39.9353989763279],[-74.0764646318007,39.9354036297261],[-74.0764373103581,39.9354105283243],[-74.0764110801758,39.935419595943],[-74.0763862309073,39.9354307324509],[-74.0763630369575,39.9354438148703],[-74.0763417544522,39.9354586987355],[-74.0763287456683,39.935469541791],[-74.0763167552349,39.9354810595301],[-74.0762707542422,39.9355207544053],[-74.0761802911531,39.9356801224791]]}},{"type":"Feature","id":17183,"properties":{"OBJECTID":17183,"PRIMENAME":"Northwest Central Avenue","ELEVTYP_F":0,"ELEVTYP_T":0},"geometry":{"type":"LineString","coordinates":[[-74.0783478445557,39.9238991005491],[-74.0784223733019,39.9234448450724],[-74.0784684291247,39.9231854076398]]}},{"type":"Feature","id":17368,"properties":{"OBJECTID":17368,"PRIMENAME":"Porter Avenue","ELEVTYP_F":0,"ELEVTYP_T":0},"geometry":{"type":"LineString","coordinates":[[-74.0721820361664,39.9369204965284],[-74.072653334766,39.9369732123969],[-74.0743988005625,39.9371371840653]]}},{"type":"Feature","id":20668,"properties":{"OBJECTID":20668,"PRIMENAME":"South Ocean Avenue","ELEVTYP_F":0,"ELEVTYP_T":0},"geometry":{"type":"LineString","coordinates":[[-74.0766346349156,39.9164329900272],[-74.076759473317,39.915694933758]]}},{"type":"Feature","id":21249,"properties":{"OBJECTID":21249,"PRIMENAME":"1st Avenue","ELEVTYP_F":0,"ELEVTYP_T":0},"geometry":{"type":"LineString","coordinates":[[-74.0785872689812,39.9225057237834],[-74.078349202694,39.9224803966383]]}},{"type":"Feature","id":21674,"properties":{"OBJECTID":21674,"PRIMENAME":"10th Avenue","ELEVTYP_F":0,"ELEVTYP_T":0},"geometry":{"type":"LineString","coordinates":[[-74.0818764306797,39.916218540332],[-74.0831985171098,39.9163558758874]]}},{"type":"Feature","id":25754,"properties":{"OBJECTID":25754,"PRIMENAME":"12th Avenue","ELEVTYP_F":0,"ELEVTYP_T":0},"geometry":{"type":"LineString","coordinates":[[-74.0799545164548,39.9145350905784],[-74.0816343866541,39.9147116254609],[-74.0821253481505,39.9147603141974]]}},{"type":"Feature","id":26233,"properties":{"OBJECTID":26233,"PRIMENAME":"Southwest Central Avenue","ELEVTYP_F":0,"ELEVTYP_T":0},"geometry":{"type":"LineString","coordinates":[[-74.0790967112667,39.9196787473099],[-74.079115919989,39.9196337099596],[-74.0791868123655,39.9195679950401],[-74.079272915802,39.9194869068631],[-74.0793489782352,39.919409542695],[-74.0794200013099,39.9193283168324],[-74.0794760960644,39.9192276821503],[-74.0795119152421,39.9191308172821],[-74.0795373950703,39.9190164815052],[-74.079546487036,39.9189756632883]]}},{"type":"Feature","id":28966,"properties":{"OBJECTID":28966,"PRIMENAME":"Northwest Central Avenue","ELEVTYP_F":0,"ELEVTYP_T":0},"geometry":{"type":"LineString","coordinates":[[-74.0764386682405,39.9359471777223],[-74.0765119894411,39.9354846829982]]}},{"type":"Feature","id":29463,"properties":{"OBJECTID":29463,"PRIMENAME":"Ocean Boulevard","ELEVTYP_F":0,"ELEVTYP_T":0},"geometry":{"type":"LineString","coordinates":[[-74.0750747481493,39.9330235647949],[-74.0749621323839,39.9337029377924]]}},{"type":"Feature","id":31164,"properties":{"OBJECTID":31164,"PRIMENAME":"M Street","ELEVTYP_F":0,"ELEVTYP_T":0},"geometry":{"type":"LineString","coordinates":[[-74.0751873859114,39.9323400745114],[-74.0753648370774,39.9323576084559],[-74.0766984961132,39.9324880593285]]}},{"type":"Feature","id":36533,"properties":{"OBJECTID":36533,"PRIMENAME":"8th Avenue","ELEVTYP_F":0,"ELEVTYP_T":0},"geometry":{"type":"LineString","coordinates":[[-74.0794549120353,39.9174739567615],[-74.0792160722261,39.9174495617404]]}},{"type":"Feature","id":42596,"properties":{"OBJECTID":42596,"PRIMENAME":"Farragut Avenue","ELEVTYP_F":0,"ELEVTYP_T":0},"geometry":{"type":"LineString","coordinates":[[-74.072373434754,39.936246656716],[-74.0745118827045,39.9364519996262]]}},{"type":"Feature","id":45053,"properties":{"OBJECTID":45053,"PRIMENAME":"Southwest Central Avenue","ELEVTYP_F":0,"ELEVTYP_T":0},"geometry":{"type":"LineString","coordinates":[[-74.0793582689277,39.9182057751707],[-74.0793465787606,39.91815255524],[-74.0793574517918,39.9180246313957],[-74.0793993901492,39.9177609234089],[-74.0794549120353,39.9174739567615]]}},{"type":"Feature","id":48233,"properties":{"OBJECTID":48233,"PRIMENAME":"1st Avenue","ELEVTYP_F":0,"ELEVTYP_T":0},"geometry":{"type":"LineString","coordinates":[[-74.079748207359,39.9226291138584],[-74.0785872689812,39.9225057237834]]}},{"type":"Feature","id":48383,"properties":{"OBJECTID":48383,"PRIMENAME":"5th Avenue","ELEVTYP_F":0,"ELEVTYP_T":0},"geometry":{"type":"LineString","coordinates":[[-74.0796962719053,39.9197397002483],[-74.08056586284,39.919828093857]]}},{"type":"Feature","id":48481,"properties":{"OBJECTID":48481,"PRIMENAME":"North Bayview Avenue","ELEVTYP_F":0,"ELEVTYP_T":0},"geometry":{"type":"LineString","coordinates":[[-74.0794430424282,39.9247064072797],[-74.0794430433926,39.9247062496576],[-74.0794924752547,39.9242383052846],[-74.0795194957357,39.9240179760464]]}},{"type":"Feature","id":48960,"properties":{"OBJECTID":48960,"PRIMENAME":"South Ocean Avenue","ELEVTYP_F":0,"ELEVTYP_T":0},"geometry":{"type":"LineString","coordinates":[[-74.0756399379089,39.9222037160109],[-74.0756729758832,39.9220155850771],[-74.0757610960346,39.9215222582392]]}},{"type":"Feature","id":49393,"properties":{"OBJECTID":49393,"PRIMENAME":"Brighton Avenue","ELEVTYP_F":0,"ELEVTYP_T":0},"geometry":{"type":"LineString","coordinates":[[-74.0782285203131,39.9245757080786],[-74.0784893729688,39.9246020793745],[-74.0794430424282,39.9247064072797]]}},{"type":"Feature","id":49956,"properties":{"OBJECTID":49956,"PRIMENAME":"South Bayview Avenue","ELEVTYP_F":0,"ELEVTYP_T":0},"geometry":{"type":"LineString","coordinates":[[-74.0804641198077,39.9213034030739],[-74.0804641208136,39.9213032382461],[-74.0804684770819,39.9212729718646],[-74.0804760686269,39.9211683998365],[-74.0804992859748,39.9207876701054],[-74.0805144158159,39.9205695762962]]}},{"type":"Feature","id":53134,"properties":{"OBJECTID":53134,"PRIMENAME":"South Ocean Avenue","ELEVTYP_F":0,"ELEVTYP_T":0},"geometry":{"type":"LineString","coordinates":[[-74.0771298085499,39.9134966451071],[-74.0772446804013,39.9128585665573],[-74.077257825844,39.9128371458348],[-74.0772861864431,39.9128168506301]]}},{"type":"Feature","id":53899,"properties":{"OBJECTID":53899,"PRIMENAME":"North Bayview Avenue","ELEVTYP_F":0,"ELEVTYP_T":0},"geometry":{"type":"LineString","coordinates":[[-74.0795194957357,39.9240179760464],[-74.0795194967054,39.9240178175236],[-74.0795437768079,39.9238201205751],[-74.0795949499314,39.9234287587211],[-74.0796157542946,39.9233036992301]]}},{"type":"Feature","id":55594,"properties":{"OBJECTID":55594,"PRIMENAME":"C Street","ELEVTYP_F":0,"ELEVTYP_T":0},"geometry":{"type":"LineString","coordinates":[[-74.0778775325331,39.9252332705688],[-74.0776601163474,39.925211503858],[-74.0764409401249,39.925088702502],[-74.074844431342,39.9249207449479]]}},{"type":"Feature","id":56883,"properties":{"OBJECTID":56883,"PRIMENAME":"5th Avenue","ELEVTYP_F":0,"ELEVTYP_T":0},"geometry":{"type":"LineString","coordinates":[[-74.0790967112667,39.9196787473099],[-74.0796962719053,39.9197397002483]]}},{"type":"Feature","id":56895,"properties":{"OBJECTID":56895,"PRIMENAME":"L Street","ELEVTYP_F":0,"ELEVTYP_T":0},"geometry":{"type":"LineString","coordinates":[[-74.0784169132005,39.9319505136077],[-74.0777266531924,39.9318800805579],[-74.0770988732723,39.9318214572186]]}},{"type":"Feature","id":57555,"properties":{"OBJECTID":57555,"PRIMENAME":"FR NJ 35 SB TO DECATUR AVE","ELEVTYP_F":0,"ELEVTYP_T":0},"geometry":{"type":"LineString","coordinates":[[-74.0774427822793,39.9360448708579],[-74.0775359360776,39.9358069655893],[-74.0775724460797,39.9356519566205],[-74.0775999095736,39.9354715478183],[-74.0776262494466,39.9353522737027]]}},{"type":"Feature","id":58095,"properties":{"OBJECTID":58095,"PRIMENAME":"Shore Villa Road","ELEVTYP_F":0,"ELEVTYP_T":0},"geometry":{"type":"LineString","coordinates":[[-74.0824837698521,39.9127185027251],[-74.0815945144457,39.9126425455573]]}},{"type":"Feature","id":62240,"properties":{"OBJECTID":62240,"PRIMENAME":"South Bayview Avenue","ELEVTYP_F":0,"ELEVTYP_T":0},"geometry":{"type":"LineString","coordinates":[[-74.0831985171098,39.9163558758874],[-74.0831985940252,39.9163557302474],[-74.08327130976,39.9162813246961],[-74.0836357986855,39.9159098372352],[-74.083761951064,39.9157842209938],[-74.0838494437893,39.9156781240709]]}},{"type":"Feature","id":62363,"properties":{"OBJECTID":62363,"PRIMENAME":"North Ocean Avenue","ELEVTYP_F":0,"ELEVTYP_T":0},"geometry":{"type":"LineString","coordinates":[[-74.0738358306457,39.9291215537019],[-74.0739939233318,39.9284120671616]]}},{"type":"Feature","id":63273,"properties":{"OBJECTID":63273,"PRIMENAME":"O Street","ELEVTYP_F":0,"ELEVTYP_T":0},"geometry":{"type":"LineString","coordinates":[[-74.0764850595075,39.9338479765426],[-74.076760002083,39.9338736069738],[-74.076761392544,39.9338737210361]]}},{"type":"Feature","id":64350,"properties":{"OBJECTID":64350,"PRIMENAME":"Barnegat Avenue","ELEVTYP_F":0,"ELEVTYP_T":0},"geometry":{"type":"LineString","coordinates":[[-74.0822553125005,39.9140133206262],[-74.0823755954803,39.9133218861445]]}},{"type":"Feature","id":64836,"properties":{"OBJECTID":64836,"PRIMENAME":"Central Avenue","ELEVTYP_F":0,"ELEVTYP_T":0},"geometry":{"type":"LineString","coordinates":[[-74.0789541002424,39.9370572547411],[-74.0788982834892,39.9370521503368],[-74.0786615386506,39.9370356961617],[-74.078349115154,39.937030717045],[-74.0781273603073,39.9370299103817],[-74.0779912336669,39.9370294149926],[-74.0779056655241,39.9370252322373],[-74.0778048694417,39.9370093260991],[-74.0777043465921,39.936977909645],[-74.0776088763761,39.9369310552306],[-74.0775235236843,39.9368686435144],[-74.0774634796068,39.9368024806166],[-74.0774219541547,39.936729137124]]}},{"type":"Feature","id":65118,"properties":{"OBJECTID":65118,"PRIMENAME":"F Street","ELEVTYP_F":0,"ELEVTYP_T":0},"geometry":{"type":"LineString","coordinates":[[-74.0775177617491,39.9273243057816],[-74.0771860837699,39.9272915248583],[-74.0764846016761,39.9272272206296],[-74.0743067129963,39.9270159489986]]}},{"type":"Feature","id":66319,"properties":{"OBJECTID":66319,"PRIMENAME":"2nd Lane","ELEVTYP_F":0,"ELEVTYP_T":0},"geometry":{"type":"LineString","coordinates":[[-74.0848239027136,39.9133654346565],[-74.0848284249428,39.9134136321307],[-74.0848311059144,39.9135600815911]]}},{"type":"Feature","id":69958,"properties":{"OBJECTID":69958,"PRIMENAME":"I Street","ELEVTYP_F":0,"ELEVTYP_T":0},"geometry":{"type":"LineString","coordinates":[[-74.0771652330641,39.9294519886454],[-74.0757558005333,39.9293186853908],[-74.0738358306457,39.9291215537019]]}},{"type":"Feature","id":70326,"properties":{"OBJECTID":70326,"PRIMENAME":"North Ocean Avenue","ELEVTYP_F":0,"ELEVTYP_T":0},"geometry":{"type":"LineString","coordinates":[[-74.0726975770231,39.9348942111254],[-74.0727273891558,39.9346021026443],[-74.072765596547,39.9341986983868]]}},{"type":"Feature","id":71870,"properties":{"OBJECTID":71870,"PRIMENAME":"L Street","ELEVTYP_F":0,"ELEVTYP_T":0},"geometry":{"type":"LineString","coordinates":[[-74.0788595209543,39.931995059228],[-74.0785693782715,39.9319660575901],[-74.0784169132005,39.9319505136077]]}},{"type":"Feature","id":72148,"properties":{"OBJECTID":72148,"PRIMENAME":"O Street","ELEVTYP_F":0,"ELEVTYP_T":0},"geometry":{"type":"LineString","coordinates":[[-74.0792349955121,39.9343606692288],[-74.080769841463,39.9345140680261],[-74.0836872065654,39.9347966473712]]}},{"type":"Feature","id":73022,"properties":{"OBJECTID":73022,"PRIMENAME":"C Street","ELEVTYP_F":0,"ELEVTYP_T":0},"geometry":{"type":"LineString","coordinates":[[-74.0794390757672,39.9253896943049],[-74.0781236352507,39.9252579406775]]}},{"type":"Feature","id":73538,"properties":{"OBJECTID":73538,"PRIMENAME":"Berkeley Lane","ELEVTYP_F":0,"ELEVTYP_T":0},"geometry":{"type":"LineString","coordinates":[[-74.078977161389,39.9312803400959],[-74.0788595209543,39.931995059228]]}},{"type":"Feature","id":73817,"properties":{"OBJECTID":73817,"PRIMENAME":"South Bayview Avenue","ELEVTYP_F":0,"ELEVTYP_T":0},"geometry":{"type":"LineString","coordinates":[[-74.0838494437893,39.9156781240709],[-74.0838566645011,39.9156692274612],[-74.0839759617332,39.9155275256574],[-74.0842672025875,39.9151691976567],[-74.0843198539147,39.9150996806543],[-74.0843550264589,39.9150434712526],[-74.0843866888441,39.9149899397069],[-74.0843884895247,39.9149869539717]]}},{"type":"Feature","id":74091,"properties":{"OBJECTID":74091,"PRIMENAME":"North Ocean Avenue","ELEVTYP_F":0,"ELEVTYP_T":0},"geometry":{"type":"LineString","coordinates":[[-74.0734827461652,39.9307442907341],[-74.0735594591762,39.9304213030356],[-74.0736431362431,39.9300221294415]]}},{"type":"Feature","id":75322,"properties":{"OBJECTID":75322,"PRIMENAME":"Northwest Central Avenue","ELEVTYP_F":0,"ELEVTYP_T":0},"geometry":{"type":"LineString","coordinates":[[-74.0779401808894,39.9266680477002],[-74.0779860116411,39.9263994413891],[-74.078038253597,39.9260853937712],[-74.0780441269939,39.9259593462448]]}},{"type":"Feature","id":77085,"properties":{"OBJECTID":77085,"PRIMENAME":"F Street","ELEVTYP_F":0,"ELEVTYP_T":0},"geometry":{"type":"LineString","coordinates":[[-74.079549667018,39.9275265040015],[-74.0788629016547,39.9274571892776],[-74.0778242450784,39.9273545503801]]}},{"type":"Feature","id":77784,"properties":{"OBJECTID":77784,"PRIMENAME":"Southwest Central Avenue","ELEVTYP_F":0,"ELEVTYP_T":0},"geometry":{"type":"LineString","coordinates":[[-74.0784684291247,39.9231854076398],[-74.0785215361461,39.9228865173453],[-74.0785872689812,39.9225057237834]]}},{"type":"Feature","id":78573,"properties":{"OBJECTID":78573,"PRIMENAME":"Ocean Terrace","ELEVTYP_F":0,"ELEVTYP_T":0},"geometry":{"type":"LineString","coordinates":[[-74.0719749342035,39.9383638833882],[-74.0720619644731,39.9378128758899],[-74.0720757117266,39.9376842234081]]}},{"type":"Feature","id":78647,"properties":{"OBJECTID":78647,"PRIMENAME":"2nd Avenue","ELEVTYP_F":0,"ELEVTYP_T":0},"geometry":{"type":"LineString","coordinates":[[-74.0757610960346,39.9215222582392],[-74.0781258653294,39.9217573256021],[-74.0784657248446,39.9217948290126]]}},{"type":"Feature","id":81990,"properties":{"OBJECTID":81990,"PRIMENAME":"Lafayette Avenue","ELEVTYP_F":0,"ELEVTYP_T":0},"geometry":{"type":"LineString","coordinates":[[-74.0791548867125,39.9348921053781],[-74.0788635619116,39.934803688955],[-74.0787475774242,39.9347817990536],[-74.0786037549689,39.9347634035226],[-74.078390269445,39.9347411858835],[-74.0777430556916,39.9346777458753]]}},{"type":"Feature","id":82663,"properties":{"OBJECTID":82663,"PRIMENAME":"Barnegat Avenue","ELEVTYP_F":0,"ELEVTYP_T":0},"geometry":{"type":"LineString","coordinates":[[-74.081752562201,39.9169527343378],[-74.0818764306797,39.916218540332]]}},{"type":"Feature","id":83984,"properties":{"OBJECTID":83984,"PRIMENAME":"South Bayview Avenue","ELEVTYP_F":0,"ELEVTYP_T":0},"geometry":{"type":"LineString","coordinates":[[-74.0815600097826,39.9180314060334],[-74.0815855736862,39.9180050738968],[-74.0817930097689,39.9177926851552],[-74.0818638043341,39.9177201993175]]}},{"type":"Feature","id":83994,"properties":{"OBJECTID":83994,"PRIMENAME":"Ocean Boulevard","ELEVTYP_F":0,"ELEVTYP_T":0},"geometry":{"type":"LineString","coordinates":[[-74.074734476682,39.9350953322691],[-74.0746329374574,39.9357184649977],[-74.0746239697482,39.9357729551237]]}},{"type":"Feature","id":84888,"properties":{"OBJECTID":84888,"PRIMENAME":"15th Avenue","ELEVTYP_F":0,"ELEVTYP_T":0},"geometry":{"type":"LineString","coordinates":[[-74.0825077753007,39.9125789632214],[-74.0826960337899,39.9125992702301],[-74.0846615481663,39.912815383765]]}},{"type":"Feature","id":85634,"properties":{"OBJECTID":85634,"PRIMENAME":"Southwest Central Avenue","ELEVTYP_F":0,"ELEVTYP_T":0},"geometry":{"type":"LineString","coordinates":[[-74.0795806370053,39.9167377949692],[-74.0796134022138,39.9165396412286],[-74.0797018202356,39.9160034287278]]}},{"type":"Feature","id":86663,"properties":{"OBJECTID":86663,"PRIMENAME":"N Street","ELEVTYP_F":0,"ELEVTYP_T":0},"geometry":{"type":"LineString","coordinates":[[-74.0837900300566,39.9339477033443],[-74.0821131325379,39.9337846354231],[-74.08034147484,39.9336123327671],[-74.0798418889343,39.9335640717448],[-74.0795030719215,39.9335274552312],[-74.079425610826,39.9335161378057],[-74.0793623702049,39.9335004241827]]}},{"type":"Feature","id":86695,"properties":{"OBJECTID":86695,"PRIMENAME":"Northwest Central Avenue","ELEVTYP_F":0,"ELEVTYP_T":0},"geometry":{"type":"LineString","coordinates":[[-74.0778242450784,39.9273545503801],[-74.0778762238401,39.9270430275418],[-74.0779401808894,39.9266680477002]]}},{"type":"Feature","id":87850,"properties":{"OBJECTID":87850,"PRIMENAME":"Bayview Avenue","ELEVTYP_F":0,"ELEVTYP_T":0},"geometry":{"type":"LineString","coordinates":[[-74.0775941451047,39.9346631748178],[-74.0774988079591,39.9352737587458],[-74.0775537394665,39.9353360047149]]}},{"type":"Feature","id":88143,"properties":{"OBJECTID":88143,"PRIMENAME":"South Bayview Avenue","ELEVTYP_F":0,"ELEVTYP_T":0},"geometry":{"type":"LineString","coordinates":[[-74.0796157542946,39.9233036992301],[-74.079615755264,39.9233035407073],[-74.0796311146482,39.9232116466158],[-74.079713856909,39.9227828418778],[-74.0797282391637,39.9227051170189],[-74.0797389806545,39.9226568918838],[-74.079748207359,39.9226291138584]]}},{"type":"Feature","id":88280,"properties":{"OBJECTID":88280,"PRIMENAME":"Barnegat Avenue","ELEVTYP_F":0,"ELEVTYP_T":0},"geometry":{"type":"LineString","coordinates":[[-74.0823755954803,39.9133218861445],[-74.082375616999,39.9133218096609],[-74.0824080512582,39.9131553573289]]}},{"type":"Feature","id":88705,"properties":{"OBJECTID":88705,"PRIMENAME":"South Bayview Avenue","ELEVTYP_F":0,"ELEVTYP_T":0},"geometry":{"type":"LineString","coordinates":[[-74.0848487407306,39.9128359635857],[-74.0848502622626,39.9128731966707],[-74.0848498212208,39.912946249748],[-74.0848496407242,39.9129761466837],[-74.0848378952054,39.9130733463081],[-74.0848282584143,39.9131688295024]]}},{"type":"Feature","id":91198,"properties":{"OBJECTID":91198,"PRIMENAME":"K Street","ELEVTYP_F":0,"ELEVTYP_T":0},"geometry":{"type":"LineString","coordinates":[[-74.0772113137036,39.9311143256686],[-74.0776501757889,39.931157957024],[-74.0786216174348,39.9312457742532],[-74.078977161389,39.9312803400959]]}},{"type":"Feature","id":91384,"properties":{"OBJECTID":91384,"PRIMENAME":"South Bayview Avenue","ELEVTYP_F":0,"ELEVTYP_T":0},"geometry":{"type":"LineString","coordinates":[[-74.0812015909165,39.9184064647584],[-74.0812016993665,39.9184063282409],[-74.0812525820928,39.918347128526],[-74.0815600097826,39.9180314060334]]}},{"type":"Feature","id":91548,"properties":{"OBJECTID":91548,"PRIMENAME":"Southwest Central Avenue","ELEVTYP_F":0,"ELEVTYP_T":0},"geometry":{"type":"LineString","coordinates":[[-74.0794549120353,39.9174739567615],[-74.0794826721314,39.9173305828565],[-74.0795806370053,39.9167377949692]]}},{"type":"Feature","id":91907,"properties":{"OBJECTID":91907,"PRIMENAME":"South Ocean Avenue","ELEVTYP_F":0,"ELEVTYP_T":0},"geometry":{"type":"LineString","coordinates":[[-74.076125264089,39.9193749340952],[-74.0762534650537,39.9186368640316]]}},{"type":"Feature","id":93686,"properties":{"OBJECTID":93686,"PRIMENAME":"Southwest Central Avenue","ELEVTYP_F":0,"ELEVTYP_T":0},"geometry":{"type":"LineString","coordinates":[[-74.0789431559241,39.920410413431],[-74.0789815993626,39.9201763707833],[-74.0790335233171,39.9199126992864],[-74.0790647318266,39.919753799772],[-74.0790810832956,39.9197153687327],[-74.0790967112667,39.9196787473099]]}},{"type":"Feature","id":95273,"properties":{"OBJECTID":95273,"PRIMENAME":"Lafayette Avenue","ELEVTYP_F":0,"ELEVTYP_T":0},"geometry":{"type":"LineString","coordinates":[[-74.0766367809265,39.934569332237],[-74.0763774190065,39.9345439511925]]}},{"type":"Feature","id":95434,"properties":{"OBJECTID":95434,"PRIMENAME":"Northwest Central Avenue","ELEVTYP_F":0,"ELEVTYP_T":0},"geometry":{"type":"LineString","coordinates":[[-74.0782285203131,39.9245757080786],[-74.0782603079982,39.9243985813981],[-74.0783333603671,39.923987614544],[-74.0783478445557,39.9238991005491]]}},{"type":"Feature","id":96220,"properties":{"OBJECTID":96220,"PRIMENAME":"12th Avenue","ELEVTYP_F":0,"ELEVTYP_T":0},"geometry":{"type":"LineString","coordinates":[[-74.0770057785754,39.9142264958616],[-74.0790730052434,39.9144424490884],[-74.079716903133,39.9145101245749]]}},{"type":"Feature","id":96768,"properties":{"OBJECTID":96768,"PRIMENAME":"11th Avenue","ELEVTYP_F":0,"ELEVTYP_T":0},"geometry":{"type":"LineString","coordinates":[[-74.0820002979494,39.9154842911487],[-74.0817267998311,39.9154556321537],[-74.0798278288282,39.9152666640191]]}},{"type":"Feature","id":97520,"properties":{"OBJECTID":97520,"PRIMENAME":"Brighton Avenue","ELEVTYP_F":0,"ELEVTYP_T":0},"geometry":{"type":"LineString","coordinates":[[-74.0779958559264,39.924552185077],[-74.0782285203131,39.9245757080786]]}},{"type":"Feature","id":98746,"properties":{"OBJECTID":98746,"PRIMENAME":"FR 5TH AVE to RT 35 SB","ELEVTYP_F":0,"ELEVTYP_T":0},"geometry":{"type":"LineString","coordinates":[[-74.0796962719053,39.9197397002483],[-74.0795388244608,39.9196863149254],[-74.0795048237622,39.9196747867372],[-74.0794945779014,39.919670326294],[-74.0794856835884,39.9196643905882],[-74.079478493782,39.9196572151707],[-74.0794732937997,39.9196490847884],[-74.0794699275138,39.919634726504],[-74.0794699381239,39.9196201361412],[-74.0794715423967,39.9196064771612],[-74.0794900982751,39.9195212518308],[-74.0795055354088,39.919438904691],[-74.0795245345927,39.919317714374],[-74.0795588201937,39.9191944492794],[-74.0795615064301,39.9191783283922],[-74.0795606803577,39.919162087807],[-74.079546487036,39.9189756632883]]}},{"type":"Feature","id":103957,"properties":{"OBJECTID":103957,"PRIMENAME":"South Bayview Avenue","ELEVTYP_F":0,"ELEVTYP_T":0},"geometry":{"type":"LineString","coordinates":[[-74.0805144158159,39.9205695762962],[-74.0805260299922,39.9204015722114],[-74.0805416077289,39.9201334315926],[-74.0805494281672,39.9199913031156],[-74.0805570052794,39.9198948023435],[-74.08056586284,39.919828093857]]}},{"type":"Feature","id":105842,"properties":{"OBJECTID":105842,"PRIMENAME":"North Bayview Avenue","ELEVTYP_F":0,"ELEVTYP_T":0},"geometry":{"type":"LineString","coordinates":[[-74.0799017556825,39.9289924190059],[-74.079901756646,39.9289922613839],[-74.0797631180406,39.9283962761105],[-74.0797293024211,39.9282638535325]]}},{"type":"Feature","id":107758,"properties":{"OBJECTID":107758,"PRIMENAME":"South Bayview Avenue","ELEVTYP_F":0,"ELEVTYP_T":0},"geometry":{"type":"LineString","coordinates":[[-74.0825293920074,39.9170456929184],[-74.0825294689249,39.9170455472788],[-74.0828928162815,39.9166688222263],[-74.0831985171098,39.9163558758874]]}},{"type":"Feature","id":109460,"properties":{"OBJECTID":109460,"PRIMENAME":"North Ocean Avenue","ELEVTYP_F":0,"ELEVTYP_T":0},"geometry":{"type":"LineString","coordinates":[[-74.0743067129963,39.9270159489986],[-74.0744073836832,39.9266638102935],[-74.0745149869289,39.9263090884402]]}},{"type":"Feature","id":111138,"properties":{"OBJECTID":111138,"PRIMENAME":"I Street","ELEVTYP_F":0,"ELEVTYP_T":0},"geometry":{"type":"LineString","coordinates":[[-74.0774716614428,39.929480889209],[-74.0781909795185,39.9295485156621],[-74.0786445645463,39.929591156482],[-74.0795853382941,39.9296820400124],[-74.0798561216954,39.9297081965514],[-74.0799292786156,39.9297111520548],[-74.0799885392476,39.9297006319915],[-74.0800270211891,39.9296765574115]]}},{"type":"Feature","id":111293,"properties":{"OBJECTID":111293,"PRIMENAME":"E Street","ELEVTYP_F":0,"ELEVTYP_T":0},"geometry":{"type":"LineString","coordinates":[[-74.0745149869289,39.9263090884402],[-74.0766492763704,39.9265381797922],[-74.0776327782387,39.9266371137141]]}},{"type":"Feature","id":111879,"properties":{"OBJECTID":111879,"PRIMENAME":"Arlington Way","ELEVTYP_F":0,"ELEVTYP_T":0},"geometry":{"type":"LineString","coordinates":[[-74.0848282584143,39.9131688295024],[-74.0842574244832,39.9130920957996],[-74.0835940682585,39.9130399040559],[-74.0824517425292,39.9129046868162]]}},{"type":"Feature","id":111920,"properties":{"OBJECTID":111920,"PRIMENAME":"N Street","ELEVTYP_F":0,"ELEVTYP_T":0},"geometry":{"type":"LineString","coordinates":[[-74.0784539183826,39.9333533768885],[-74.0781895266586,39.9333288048662]]}},{"type":"Feature","id":114478,"properties":{"OBJECTID":114478,"PRIMENAME":"12th Avenue","ELEVTYP_F":0,"ELEVTYP_T":0},"geometry":{"type":"LineString","coordinates":[[-74.0821253481505,39.9147603141974],[-74.0839488113178,39.9149412312385],[-74.0843884895247,39.9149869539717]]}},{"type":"Feature","id":114646,"properties":{"OBJECTID":114646,"PRIMENAME":"Barnegat Avenue","ELEVTYP_F":0,"ELEVTYP_T":0},"geometry":{"type":"LineString","coordinates":[[-74.0818764306797,39.916218540332],[-74.0820002979494,39.9154842911487]]}},{"type":"Feature","id":114979,"properties":{"OBJECTID":114979,"PRIMENAME":"K Street","ELEVTYP_F":0,"ELEVTYP_T":0},"geometry":{"type":"LineString","coordinates":[[-74.0754149543631,39.9309358454241],[-74.0758101219321,39.9309750129019],[-74.0769302619388,39.9310863952088]]}},{"type":"Feature","id":116269,"properties":{"OBJECTID":116269,"PRIMENAME":"Porter Avenue","ELEVTYP_F":0,"ELEVTYP_T":0},"geometry":{"type":"LineString","coordinates":[[-74.0743988005625,39.9371371840653],[-74.0752856758641,39.9372316714523],[-74.0758900280158,39.937282925843]]}},{"type":"Feature","id":116934,"properties":{"OBJECTID":116934,"PRIMENAME":"Barnegat Avenue","ELEVTYP_F":0,"ELEVTYP_T":0},"geometry":{"type":"LineString","coordinates":[[-74.0816258186727,39.9176958681829],[-74.081752562201,39.9169527343378]]}},{"type":"Feature","id":116998,"properties":{"OBJECTID":116998,"PRIMENAME":"Millers Lane","ELEVTYP_F":0,"ELEVTYP_T":0},"geometry":{"type":"LineString","coordinates":[[-74.0848239027136,39.9133654346565],[-74.0824080512582,39.9131553573289]]}},{"type":"Feature","id":117728,"properties":{"OBJECTID":117728,"PRIMENAME":"Northwest Central Avenue","ELEVTYP_F":0,"ELEVTYP_T":0},"geometry":{"type":"LineString","coordinates":[[-74.0773281614602,39.9303801677707],[-74.0773716909247,39.9301106563788],[-74.0773736856579,39.9300982995117],[-74.0774716614428,39.929480889209]]}},{"type":"Feature","id":117830,"properties":{"OBJECTID":117830,"PRIMENAME":"Northwest Central Avenue","ELEVTYP_F":0,"ELEVTYP_T":0},"geometry":{"type":"LineString","coordinates":[[-74.0769736826261,39.9354043357135],[-74.0768221670569,39.9353840985649],[-74.0767416419059,39.9353604968112],[-74.0766763210478,39.935317622053],[-74.0766212485965,39.9352669880843],[-74.0765762808259,39.9351969814648],[-74.076561578234,39.9351348540357],[-74.0765571949212,39.9350301018832],[-74.0765884769772,39.9348556645859],[-74.0765960903735,39.9348082093468],[-74.0766251932386,39.9346268060439],[-74.0766367809265,39.934569332237]]}},{"type":"Feature","id":118508,"properties":{"OBJECTID":118508,"PRIMENAME":"Farragut Avenue","ELEVTYP_F":0,"ELEVTYP_T":0},"geometry":{"type":"LineString","coordinates":[[-74.0763311699532,39.9366251418815],[-74.0771100599788,39.9367022764152],[-74.077162057008,39.9367024660553],[-74.0772029973125,39.9366911663571],[-74.0772999162747,39.9366357609342]]}},{"type":"Feature","id":120354,"properties":{"OBJECTID":120354,"PRIMENAME":"N Street","ELEVTYP_F":0,"ELEVTYP_T":0},"geometry":{"type":"LineString","coordinates":[[-74.0765882231698,39.9331663166529],[-74.0752338145843,39.9330385888199],[-74.0750747481493,39.9330235647949]]}},{"type":"Feature","id":121603,"properties":{"OBJECTID":121603,"PRIMENAME":"Decatur Avenue","ELEVTYP_F":0,"ELEVTYP_T":0},"geometry":{"type":"LineString","coordinates":[[-74.0790598622635,39.9355121078058],[-74.0777942639692,39.9353864346012],[-74.077694032694,39.9353717382827],[-74.0776347604382,39.9353543637434],[-74.0776262494466,39.9353522737027]]}},{"type":"Feature","id":121809,"properties":{"OBJECTID":121809,"PRIMENAME":"K Street","ELEVTYP_F":0,"ELEVTYP_T":0},"geometry":{"type":"LineString","coordinates":[[-74.0769302619388,39.9310863952088],[-74.0772113137036,39.9311143256686]]}},{"type":"Feature","id":121954,"properties":{"OBJECTID":121954,"PRIMENAME":"North Ocean Avenue","ELEVTYP_F":0,"ELEVTYP_T":0},"geometry":{"type":"LineString","coordinates":[[-74.0725417457577,39.9355680692834],[-74.0726459637382,39.9351480245615],[-74.0726975770231,39.9348942111254]]}},{"type":"Feature","id":122060,"properties":{"OBJECTID":122060,"PRIMENAME":"H Street","ELEVTYP_F":0,"ELEVTYP_T":0},"geometry":{"type":"LineString","coordinates":[[-74.0775960256607,39.9287704236518],[-74.0772854684868,39.928740519379]]}},{"type":"Feature","id":123792,"properties":{"OBJECTID":123792,"PRIMENAME":"Barnegat Avenue","ELEVTYP_F":0,"ELEVTYP_T":0},"geometry":{"type":"LineString","coordinates":[[-74.0821253481505,39.9147603141974],[-74.0822553125005,39.9140133206262]]}},{"type":"Feature","id":124154,"properties":{"OBJECTID":124154,"PRIMENAME":"Northwest Central Avenue","ELEVTYP_F":0,"ELEVTYP_T":0},"geometry":{"type":"LineString","coordinates":[[-74.0781236352507,39.9252579406775],[-74.0781399835713,39.9251158714465],[-74.0782079975197,39.9246892931717],[-74.0782285203131,39.9245757080786]]}},{"type":"Feature","id":124728,"properties":{"OBJECTID":124728,"PRIMENAME":"10th Avenue","ELEVTYP_F":0,"ELEVTYP_T":0},"geometry":{"type":"LineString","coordinates":[[-74.0794644418475,39.9159799735626],[-74.0797018202356,39.9160034287278]]}},{"type":"Feature","id":125140,"properties":{"OBJECTID":125140,"PRIMENAME":"Lake Avenue","ELEVTYP_F":0,"ELEVTYP_T":0},"geometry":{"type":"LineString","coordinates":[[-74.0792349955121,39.9343606692288],[-74.0791918496326,39.9346508098199],[-74.0791548867125,39.9348921053781]]}},{"type":"Feature","id":126404,"properties":{"OBJECTID":126404,"PRIMENAME":"North Bayview Avenue","ELEVTYP_F":0,"ELEVTYP_T":0},"geometry":{"type":"LineString","coordinates":[[-74.0794695423043,39.9260982532635],[-74.0794695432742,39.9260980947408],[-74.0794610454682,39.9259599920572],[-74.0794390757672,39.9253896943049]]}},{"type":"Feature","id":128083,"properties":{"OBJECTID":128083,"PRIMENAME":"Dupont Avenue","ELEVTYP_F":0,"ELEVTYP_T":0},"geometry":{"type":"LineString","coordinates":[[-74.0720757117266,39.9376842234081],[-74.0740037573938,39.9378704324764],[-74.0742775715389,39.9378965033032]]}},{"type":"Feature","id":128222,"properties":{"OBJECTID":128222,"PRIMENAME":"Ocean Terrace","ELEVTYP_F":0,"ELEVTYP_T":0},"geometry":{"type":"LineString","coordinates":[[-74.0720757117266,39.9376842234081],[-74.0721002509538,39.9374548270003],[-74.0721383183298,39.9371320826117],[-74.0721552844077,39.9370362766659],[-74.0721782115975,39.936933958021],[-74.0721820361664,39.9369204965284]]}},{"type":"Feature","id":130094,"properties":{"OBJECTID":130094,"PRIMENAME":"Northwest Central Avenue","ELEVTYP_F":0,"ELEVTYP_T":0},"geometry":{"type":"LineString","coordinates":[[-74.0768723220042,39.9331930782259],[-74.0769389410736,39.9327813481333],[-74.0769831555499,39.9325158657048]]}},{"type":"Feature","id":131047,"properties":{"OBJECTID":131047,"PRIMENAME":"North Ocean Avenue","ELEVTYP_F":0,"ELEVTYP_T":0},"geometry":{"type":"LineString","coordinates":[[-74.072373434754,39.936246656716],[-74.0725417457577,39.9355680692834]]}},{"type":"Feature","id":131409,"properties":{"OBJECTID":131409,"PRIMENAME":"Bayview Avenue","ELEVTYP_F":0,"ELEVTYP_T":0},"geometry":{"type":"LineString","coordinates":[[-74.0774219541547,39.936729137124],[-74.0773838112042,39.936650892541],[-74.0773798377824,39.9366276603102],[-74.077369215345,39.9365655397629],[-74.0773765898006,39.9363870069636]]}},{"type":"Feature","id":132663,"properties":{"OBJECTID":132663,"PRIMENAME":"FR RT 35 NB to RT 35 SB","ELEVTYP_F":0,"ELEVTYP_T":0},"geometry":{"type":"LineString","coordinates":[[-74.0767290222041,39.9372469979821],[-74.076826277876,39.9372355202882],[-74.0769415845773,39.9372232572028],[-74.0770404765977,39.9372067340868],[-74.077104604391,39.9371886564577],[-74.077136060923,39.9371732585425],[-74.0771643539057,39.9371545742238],[-74.0771786595044,39.9371427596702],[-74.0771916887441,39.937130100368],[-74.0772033577644,39.9371166777974],[-74.0772135914598,39.937102578351],[-74.0772223239634,39.9370878927782],[-74.0772294990704,39.9370727156009],[-74.0772350706003,39.9370571445047],[-74.0772390026939,39.9370412797112],[-74.0772759862332,39.9367950724375],[-74.0772999162747,39.9366357609342]]}},{"type":"Feature","id":140170,"properties":{"OBJECTID":140170,"PRIMENAME":"North Ocean Avenue","ELEVTYP_F":0,"ELEVTYP_T":0},"geometry":{"type":"LineString","coordinates":[[-74.074844431342,39.9249207449479],[-74.0749070077069,39.9245579780345],[-74.0749589185104,39.9242418174272]]}},{"type":"Feature","id":143028,"properties":{"OBJECTID":143028,"PRIMENAME":"O Street","ELEVTYP_F":0,"ELEVTYP_T":0},"geometry":{"type":"LineString","coordinates":[[-74.0749621323839,39.9337029377924],[-74.0754994863539,39.9337561625381],[-74.0764850595075,39.9338479765426]]}},{"type":"Feature","id":145495,"properties":{"OBJECTID":145495,"PRIMENAME":"Island Avenue","ELEVTYP_F":0,"ELEVTYP_T":0},"geometry":{"type":"LineString","coordinates":[[-74.0783478445557,39.9238991005491],[-74.0781119394896,39.9238752093127]]}},{"type":"Feature","id":146954,"properties":{"OBJECTID":146954,"PRIMENAME":"Decatur Avenue","ELEVTYP_F":0,"ELEVTYP_T":0},"geometry":{"type":"LineString","coordinates":[[-74.074734476682,39.9350953322691],[-74.0744085253964,39.9350649530893],[-74.0726975770231,39.9348942111254]]}},{"type":"Feature","id":148323,"properties":{"OBJECTID":148323,"PRIMENAME":"Ocean Boulevard","ELEVTYP_F":0,"ELEVTYP_T":0},"geometry":{"type":"LineString","coordinates":[[-74.0749621323839,39.9337029377924],[-74.0749191235178,39.9339624115229],[-74.0748486524597,39.9343949084453]]}},{"type":"Feature","id":149130,"properties":{"OBJECTID":149130,"PRIMENAME":"9th Avenue","ELEVTYP_F":0,"ELEVTYP_T":0},"geometry":{"type":"LineString","coordinates":[[-74.081752562201,39.9169527343378],[-74.0801079181939,39.916790440272],[-74.0795806370053,39.9167377949692]]}},{"type":"Feature","id":150262,"properties":{"OBJECTID":150262,"PRIMENAME":"North Bayview Avenue","ELEVTYP_F":0,"ELEVTYP_T":0},"geometry":{"type":"LineString","coordinates":[[-74.0797293024211,39.9282638535325],[-74.0797293033849,39.9282636959106],[-74.0796780370361,39.9280633914735],[-74.0795861702278,39.9277090676037],[-74.0795590918504,39.9275829284725],[-74.079549667018,39.9275265040015]]}},{"type":"Feature","id":151303,"properties":{"OBJECTID":151303,"PRIMENAME":"FR RT 35 NB to CO 47","ELEVTYP_F":0,"ELEVTYP_T":0},"geometry":{"type":"LineString","coordinates":[[-74.0758900280158,39.937282925843],[-74.0758003532042,39.9379123798551],[-74.0757910333387,39.9379921680583],[-74.07578544188,39.9380400404406]]}},{"type":"Feature","id":151943,"properties":{"OBJECTID":151943,"PRIMENAME":"Barnegat Avenue","ELEVTYP_F":0,"ELEVTYP_T":0},"geometry":{"type":"LineString","coordinates":[[-74.0824837698521,39.9127185027251],[-74.0825077753007,39.9125789632214]]}},{"type":"Feature","id":151970,"properties":{"OBJECTID":151970,"PRIMENAME":"J Street","ELEVTYP_F":0,"ELEVTYP_T":0},"geometry":{"type":"LineString","coordinates":[[-74.0773281614602,39.9303801677707],[-74.0781653104527,39.9304651663407]]}},{"type":"Feature","id":155257,"properties":{"OBJECTID":155257,"PRIMENAME":"Southwest Central Avenue","ELEVTYP_F":0,"ELEVTYP_T":0},"geometry":{"type":"LineString","coordinates":[[-74.0798278288282,39.9152666640191],[-74.0798851331205,39.9149499977798],[-74.0799545164548,39.9145350905784]]}},{"type":"Feature","id":156532,"properties":{"OBJECTID":156532,"PRIMENAME":"7th Avenue","ELEVTYP_F":0,"ELEVTYP_T":0},"geometry":{"type":"LineString","coordinates":[[-74.0797722137464,39.918250732108],[-74.0800820299351,39.9182854071314],[-74.0812015909165,39.9184064647584]]}},{"type":"Feature","id":160436,"properties":{"OBJECTID":160436,"PRIMENAME":"Southwest Central Avenue","ELEVTYP_F":0,"ELEVTYP_T":0},"geometry":{"type":"LineString","coordinates":[[-74.0797018202356,39.9160034287278],[-74.0797756554768,39.9155548239367],[-74.0798278288282,39.9152666640191]]}},{"type":"Feature","id":161063,"properties":{"OBJECTID":161063,"PRIMENAME":"13th Avenue","ELEVTYP_F":0,"ELEVTYP_T":0},"geometry":{"type":"LineString","coordinates":[[-74.0800729169777,39.9137938500979],[-74.0798462339007,39.9137716702343]]}},{"type":"Feature","id":161733,"properties":{"OBJECTID":161733,"PRIMENAME":"North Avenue","ELEVTYP_F":0,"ELEVTYP_T":0},"geometry":{"type":"LineString","coordinates":[[-74.0782333832783,39.9231614369088],[-74.0784684291247,39.9231854076398]]}},{"type":"Feature","id":161786,"properties":{"OBJECTID":161786,"PRIMENAME":"Southwest Central Avenue","ELEVTYP_F":0,"ELEVTYP_T":0},"geometry":{"type":"LineString","coordinates":[[-74.0785872689812,39.9225057237834],[-74.0786521111254,39.9221304167976],[-74.0787054219657,39.9218212868399]]}},{"type":"Feature","id":162096,"properties":{"OBJECTID":162096,"PRIMENAME":"South Bayview Avenue","ELEVTYP_F":0,"ELEVTYP_T":0},"geometry":{"type":"LineString","coordinates":[[-74.0818638043341,39.9177201993175],[-74.0818638812538,39.9177200536784],[-74.081943059066,39.9176389466172],[-74.0824932620122,39.9170830921879],[-74.0825293920074,39.9170456929184]]}},{"type":"Feature","id":163923,"properties":{"OBJECTID":163923,"PRIMENAME":"South Ocean Avenue","ELEVTYP_F":0,"ELEVTYP_T":0},"geometry":{"type":"LineString","coordinates":[[-74.0760004753484,39.9201026941655],[-74.076125264089,39.9193749340952]]}},{"type":"Feature","id":164002,"properties":{"OBJECTID":164002,"PRIMENAME":"D Street","ELEVTYP_F":0,"ELEVTYP_T":0},"geometry":{"type":"LineString","coordinates":[[-74.0747231249536,39.9256176291827],[-74.0758587421915,39.9257375894458],[-74.0775755704413,39.9259136869871],[-74.0777560003636,39.9259312551395]]}},{"type":"Feature","id":164749,"properties":{"OBJECTID":164749,"PRIMENAME":"4th Avenue","ELEVTYP_F":0,"ELEVTYP_T":0},"geometry":{"type":"LineString","coordinates":[[-74.0787091143463,39.9203867220333],[-74.0789431559241,39.920410413431]]}},{"type":"Feature","id":165684,"properties":{"OBJECTID":165684,"PRIMENAME":"South Bayview Avenue","ELEVTYP_F":0,"ELEVTYP_T":0},"geometry":{"type":"LineString","coordinates":[[-74.0807866586628,39.9191057550433],[-74.0808235083011,39.9190268213906],[-74.0809291383217,39.918842135264],[-74.0810945579863,39.9185584202743],[-74.0811402784163,39.9184862172025],[-74.0811859348675,39.9184246927999],[-74.0812015909165,39.9184064647584]]}},{"type":"Feature","id":166354,"properties":{"OBJECTID":166354,"PRIMENAME":"J Street","ELEVTYP_F":0,"ELEVTYP_T":0},"geometry":{"type":"LineString","coordinates":[[-74.0772001834244,39.930367209138],[-74.0773281614602,39.9303801677707]]}},{"type":"Feature","id":166944,"properties":{"OBJECTID":166944,"PRIMENAME":"N Street","ELEVTYP_F":0,"ELEVTYP_T":0},"geometry":{"type":"LineString","coordinates":[[-74.0793623702049,39.9335004241827],[-74.0793194977913,39.9334781407449],[-74.0792765674809,39.933453661135],[-74.079193390131,39.9334268115786],[-74.0791388951945,39.9334155493886],[-74.0787512441656,39.9333809781804],[-74.0784539183826,39.9333533768885]]}},{"type":"Feature","id":167358,"properties":{"OBJECTID":167358,"PRIMENAME":"Millers Lane","ELEVTYP_F":0,"ELEVTYP_T":0},"geometry":{"type":"LineString","coordinates":[[-74.0824080512582,39.9131553573289],[-74.0819697972912,39.9130945325662],[-74.0815980534912,39.9130422642876],[-74.0805482579756,39.9129058011787]]}},{"type":"Feature","id":168003,"properties":{"OBJECTID":168003,"PRIMENAME":"10th Avenue","ELEVTYP_F":0,"ELEVTYP_T":0},"geometry":{"type":"LineString","coordinates":[[-74.076759473317,39.915694933758],[-74.0793844131966,39.915972078534],[-74.0794644418475,39.9159799735626]]}},{"type":"Feature","id":168564,"properties":{"OBJECTID":168564,"PRIMENAME":"Northwest Central Avenue","ELEVTYP_F":0,"ELEVTYP_T":0},"geometry":{"type":"LineString","coordinates":[[-74.076761392544,39.9338737210361],[-74.0768342087452,39.9334288502073],[-74.0768723220042,39.9331930782259]]}},{"type":"Feature","id":168922,"properties":{"OBJECTID":168922,"PRIMENAME":"Bayview Avenue","ELEVTYP_F":0,"ELEVTYP_T":0},"geometry":{"type":"LineString","coordinates":[[-74.0774427822793,39.9360448708579],[-74.0774641162621,39.9358928213163]]}},{"type":"Feature","id":169956,"properties":{"OBJECTID":169956,"PRIMENAME":"9th Avenue","ELEVTYP_F":0,"ELEVTYP_T":0},"geometry":{"type":"LineString","coordinates":[[-74.0793392662635,39.9167137486119],[-74.078020569398,39.9165821477997],[-74.0766346349156,39.9164329900272]]}},{"type":"Feature","id":170126,"properties":{"OBJECTID":170126,"PRIMENAME":"Ocean Boulevard","ELEVTYP_F":0,"ELEVTYP_T":0},"geometry":{"type":"LineString","coordinates":[[-74.0754149543631,39.9309358454241],[-74.0753155371492,39.9315580529435],[-74.0753006757613,39.9316489528517]]}},{"type":"Feature","id":171042,"properties":{"OBJECTID":171042,"PRIMENAME":"Northwest Central Avenue","ELEVTYP_F":0,"ELEVTYP_T":0},"geometry":{"type":"LineString","coordinates":[[-74.0763311699532,39.9366251418815],[-74.0764386682405,39.9359471777223]]}},{"type":"Feature","id":171458,"properties":{"OBJECTID":171458,"PRIMENAME":"Ocean Boulevard","ELEVTYP_F":0,"ELEVTYP_T":0},"geometry":{"type":"LineString","coordinates":[[-74.0751873859114,39.9323400745114],[-74.075129388086,39.9326938795197],[-74.0750747481493,39.9330235647949]]}},{"type":"Feature","id":172736,"properties":{"OBJECTID":172736,"PRIMENAME":"North Avenue","ELEVTYP_F":0,"ELEVTYP_T":0},"geometry":{"type":"LineString","coordinates":[[-74.0755087214284,39.9228851637721],[-74.0777231660211,39.9231093667242],[-74.0782333832783,39.9231614369088]]}},{"type":"Feature","id":173826,"properties":{"OBJECTID":173826,"PRIMENAME":"Barnegat Avenue","ELEVTYP_F":0,"ELEVTYP_T":0},"geometry":{"type":"LineString","coordinates":[[-74.0779020239558,39.9382449391165],[-74.0779625913568,39.9378776073458]]}},{"type":"Feature","id":174683,"properties":{"OBJECTID":174683,"PRIMENAME":"13th Avenue","ELEVTYP_F":0,"ELEVTYP_T":0},"geometry":{"type":"LineString","coordinates":[[-74.0822553125005,39.9140133206262],[-74.0816169840705,39.9139447452819],[-74.0800729169777,39.9137938500979]]}},{"type":"Feature","id":175178,"properties":{"OBJECTID":175178,"PRIMENAME":"D Street","ELEVTYP_F":0,"ELEVTYP_T":0},"geometry":{"type":"LineString","coordinates":[[-74.0777560003636,39.9259312551395],[-74.0780441269939,39.9259593462448]]}},{"type":"Feature","id":178804,"properties":{"OBJECTID":178804,"PRIMENAME":"13th Avenue","ELEVTYP_F":0,"ELEVTYP_T":0},"geometry":{"type":"LineString","coordinates":[[-74.0798462339007,39.9137716702343],[-74.0790040643638,39.913689356095],[-74.0771298085499,39.9134966451071]]}},{"type":"Feature","id":179298,"properties":{"OBJECTID":179298,"PRIMENAME":"Ocean Boulevard","ELEVTYP_F":0,"ELEVTYP_T":0},"geometry":{"type":"LineString","coordinates":[[-74.0755328545276,39.9302018021832],[-74.0754741756152,39.9305855853574],[-74.0754501205169,39.9307157661149],[-74.0754149543631,39.9309358454241]]}},{"type":"Feature","id":179971,"properties":{"OBJECTID":179971,"PRIMENAME":"K Street","ELEVTYP_F":0,"ELEVTYP_T":0},"geometry":{"type":"LineString","coordinates":[[-74.0817269350378,39.9315479746845],[-74.0835848861887,39.9317310810651],[-74.0836153266085,39.9317334691978]]}},{"type":"Feature","id":180252,"properties":{"OBJECTID":180252,"PRIMENAME":"Stockton Avenue","ELEVTYP_F":0,"ELEVTYP_T":0},"geometry":{"type":"LineString","coordinates":[[-74.0764386682405,39.9359471777223],[-74.0774427822793,39.9360448708579]]}},{"type":"Feature","id":181241,"properties":{"OBJECTID":181241,"PRIMENAME":"North Bayview Avenue","ELEVTYP_F":0,"ELEVTYP_T":0},"geometry":{"type":"LineString","coordinates":[[-74.079549667018,39.9275265040015],[-74.0795456412956,39.9275024123342],[-74.0795356699513,39.9274245992519],[-74.0795259107637,39.9273119201761],[-74.079513592339,39.9270463693018],[-74.0795043860225,39.9268259358179]]}},{"type":"Feature","id":182631,"properties":{"OBJECTID":182631,"PRIMENAME":"Ocean Boulevard","ELEVTYP_F":0,"ELEVTYP_T":0},"geometry":{"type":"LineString","coordinates":[[-74.0746239697482,39.9357729551237],[-74.0745118827045,39.9364519996262]]}},{"type":"Feature","id":183148,"properties":{"OBJECTID":183148,"PRIMENAME":"Barnegat Avenue","ELEVTYP_F":0,"ELEVTYP_T":0},"geometry":{"type":"LineString","coordinates":[[-74.0818638043341,39.9177201993175],[-74.0816258186727,39.9176958681829]]}},{"type":"Feature","id":183333,"properties":{"OBJECTID":183333,"PRIMENAME":"Lake Avenue","ELEVTYP_F":0,"ELEVTYP_T":0},"geometry":{"type":"LineString","coordinates":[[-74.0791548867125,39.9348921053781],[-74.0790641634733,39.9354853559469],[-74.0790598622635,39.9355121078058]]}},{"type":"Feature","id":185106,"properties":{"OBJECTID":185106,"PRIMENAME":"Berkeley Lane","ELEVTYP_F":0,"ELEVTYP_T":0},"geometry":{"type":"LineString","coordinates":[[-74.0784539183826,39.9333533768885],[-74.0783452278464,39.9340263156271]]}},{"type":"Feature","id":185432,"properties":{"OBJECTID":185432,"PRIMENAME":"N Street","ELEVTYP_F":0,"ELEVTYP_T":0},"geometry":{"type":"LineString","coordinates":[[-74.0781895266586,39.9333288048662],[-74.0771375654391,39.9332180679844],[-74.0768723220042,39.9331930782259]]}},{"type":"Feature","id":188339,"properties":{"OBJECTID":188339,"PRIMENAME":"North Ocean Avenue","ELEVTYP_F":0,"ELEVTYP_T":0},"geometry":{"type":"LineString","coordinates":[[-74.0751134859665,39.9235681976952],[-74.075248853641,39.9233352528433],[-74.0754514167192,39.9230128342762],[-74.07548521411,39.9229500338742],[-74.0755087214284,39.9228851637721]]}},{"type":"Feature","id":189732,"properties":{"OBJECTID":189732,"PRIMENAME":"Southwest Central Avenue","ELEVTYP_F":0,"ELEVTYP_T":0},"geometry":{"type":"LineString","coordinates":[[-74.0795624277019,39.9188044431668],[-74.0795645604467,39.9187663369974],[-74.0795622817897,39.918695744832],[-74.079541464722,39.9186192100604],[-74.0795054905133,39.918537212407],[-74.0794457342702,39.9184322034029],[-74.0793909453159,39.9183194986307],[-74.0793662129759,39.918241878667],[-74.0793582689277,39.9182057751707]]}},{"type":"Feature","id":191620,"properties":{"OBJECTID":191620,"PRIMENAME":"Dupont Avenue","ELEVTYP_F":0,"ELEVTYP_T":0},"geometry":{"type":"LineString","coordinates":[[-74.0742775715389,39.9378965033032],[-74.075659690326,39.9380280772343],[-74.07578544188,39.9380400404406]]}},{"type":"Feature","id":191943,"properties":{"OBJECTID":191943,"PRIMENAME":"South Bayview Avenue","ELEVTYP_F":0,"ELEVTYP_T":0},"geometry":{"type":"LineString","coordinates":[[-74.079748207359,39.9226291138584],[-74.0797638290746,39.9225818953958],[-74.0799046766036,39.9223302957199],[-74.0801092511095,39.9219721321151]]}},{"type":"Feature","id":192503,"properties":{"OBJECTID":192503,"PRIMENAME":"2nd Avenue","ELEVTYP_F":0,"ELEVTYP_T":0},"geometry":{"type":"LineString","coordinates":[[-74.0787054219657,39.9218212868399],[-74.078897300984,39.9218424922768],[-74.079361573259,39.9218905193453],[-74.0801092511095,39.9219721321151]]}},{"type":"Feature","id":193774,"properties":{"OBJECTID":193774,"PRIMENAME":"Lake Avenue","ELEVTYP_F":0,"ELEVTYP_T":0},"geometry":{"type":"LineString","coordinates":[[-74.0790598622635,39.9355121078058],[-74.0789501002027,39.9361914948023]]}},{"type":"Feature","id":194327,"properties":{"OBJECTID":194327,"PRIMENAME":"South Ocean Avenue","ELEVTYP_F":0,"ELEVTYP_T":0},"geometry":{"type":"LineString","coordinates":[[-74.076759473317,39.915694933758],[-74.0768842965882,39.9149645918595]]}},{"type":"Feature","id":196089,"properties":{"OBJECTID":196089,"PRIMENAME":"Northwest Central Avenue","ELEVTYP_F":0,"ELEVTYP_T":0},"geometry":{"type":"LineString","coordinates":[[-74.0766367809265,39.934569332237],[-74.0766719883266,39.9343942778337],[-74.0767084057977,39.9341965505043],[-74.0767257468767,39.9340909436071],[-74.076761392544,39.9338737210361]]}},{"type":"Feature","id":199208,"properties":{"OBJECTID":199208,"PRIMENAME":"Island Avenue","ELEVTYP_F":0,"ELEVTYP_T":0},"geometry":{"type":"LineString","coordinates":[[-74.0781119394896,39.9238752093127],[-74.0777420831072,39.9238376784954],[-74.076352603844,39.9236962460669],[-74.0751134859665,39.9235681976952]]}},{"type":"Feature","id":199564,"properties":{"OBJECTID":199564,"PRIMENAME":"3rd Avenue","ELEVTYP_F":0,"ELEVTYP_T":0},"geometry":{"type":"LineString","coordinates":[[-74.0804641198077,39.9213034030739],[-74.0788234634533,39.9211315512628]]}},{"type":"Feature","id":199898,"properties":{"OBJECTID":199898,"PRIMENAME":"Northwest Central Avenue","ELEVTYP_F":0,"ELEVTYP_T":0},"geometry":{"type":"LineString","coordinates":[[-74.0777090527842,39.9280647480272],[-74.0777506475964,39.9277952473494],[-74.0778242450784,39.9273545503801]]}},{"type":"Feature","id":200259,"properties":{"OBJECTID":200259,"PRIMENAME":"L Street","ELEVTYP_F":0,"ELEVTYP_T":0},"geometry":{"type":"LineString","coordinates":[[-74.076810074417,39.9317944871964],[-74.0760374139963,39.9317223427018],[-74.0753006757613,39.9316489528517]]}},{"type":"Feature","id":202961,"properties":{"OBJECTID":202961,"PRIMENAME":"North Ocean Avenue","ELEVTYP_F":0,"ELEVTYP_T":0},"geometry":{"type":"LineString","coordinates":[[-74.0749589185104,39.9242418174272],[-74.0750185812608,39.9239349634827],[-74.0750533353583,39.9237177377897],[-74.0750647784389,39.9236720142634],[-74.0750836207638,39.9236234625757],[-74.0751134859665,39.9235681976952]]}},{"type":"Feature","id":204487,"properties":{"OBJECTID":204487,"PRIMENAME":"4th Avenue","ELEVTYP_F":0,"ELEVTYP_T":0},"geometry":{"type":"LineString","coordinates":[[-74.0760004753484,39.9201026941655],[-74.0786422667919,39.9203799453334],[-74.0787091143463,39.9203867220333]]}},{"type":"Feature","id":204947,"properties":{"OBJECTID":204947,"PRIMENAME":"South Ocean Avenue","ELEVTYP_F":0,"ELEVTYP_T":0},"geometry":{"type":"LineString","coordinates":[[-74.0755087214284,39.9228851637721],[-74.0755344283471,39.9227986403548],[-74.0755536947182,39.922687193012],[-74.0756399379089,39.9222037160109]]}},{"type":"Feature","id":205036,"properties":{"OBJECTID":205036,"PRIMENAME":"7th Avenue","ELEVTYP_F":0,"ELEVTYP_T":0},"geometry":{"type":"LineString","coordinates":[[-74.0789934966772,39.918169612472],[-74.0793582689277,39.9182057751707]]}},{"type":"Feature","id":205503,"properties":{"OBJECTID":205503,"PRIMENAME":"Lafayette Avenue","ELEVTYP_F":0,"ELEVTYP_T":0},"geometry":{"type":"LineString","coordinates":[[-74.0748486524597,39.9343949084453],[-74.073675234896,39.9342806746301],[-74.072765596547,39.9341986983868]]}},{"type":"Feature","id":209103,"properties":{"OBJECTID":209103,"PRIMENAME":"South Ocean Avenue","ELEVTYP_F":0,"ELEVTYP_T":0},"geometry":{"type":"LineString","coordinates":[[-74.0763783105788,39.9178988093921],[-74.0765098412826,39.9171633315721]]}},{"type":"Feature","id":211696,"properties":{"OBJECTID":211696,"PRIMENAME":"Island Avenue","ELEVTYP_F":0,"ELEVTYP_T":0},"geometry":{"type":"LineString","coordinates":[[-74.0795194957357,39.9240179760464],[-74.0783478445557,39.9238991005491]]}},{"type":"Feature","id":212246,"properties":{"OBJECTID":212246,"PRIMENAME":"F Street","ELEVTYP_F":0,"ELEVTYP_T":0},"geometry":{"type":"LineString","coordinates":[[-74.0778242450784,39.9273545503801],[-74.0775177617491,39.9273243057816]]}},{"type":"Feature","id":212680,"properties":{"OBJECTID":212680,"PRIMENAME":"9th Avenue","ELEVTYP_F":0,"ELEVTYP_T":0},"geometry":{"type":"LineString","coordinates":[[-74.0825293920074,39.9170456929184],[-74.081752562201,39.9169527343378]]}},{"type":"Feature","id":212686,"properties":{"OBJECTID":212686,"PRIMENAME":"Porter Avenue","ELEVTYP_F":0,"ELEVTYP_T":0},"geometry":{"type":"LineString","coordinates":[[-74.078026243226,39.9374916698555],[-74.078396132814,39.9375313958594],[-74.0786696155216,39.9375573812515],[-74.0793401030062,39.9376210878914],[-74.0796519685014,39.937653653938],[-74.0797484754501,39.9376655068179],[-74.0798077868587,39.93768856303],[-74.0798780853035,39.9377346110574]]}},{"type":"Feature","id":212748,"properties":{"OBJECTID":212748,"PRIMENAME":"State Highway 37","ELEVTYP_F":0,"ELEVTYP_T":0},"geometry":{"type":"LineString","coordinates":[[-74.0801190684797,39.9376961344508],[-74.0801589037156,39.9377391030001],[-74.0801945178113,39.9377842141707],[-74.0802257171447,39.9378312227188],[-74.0802523320933,39.9378798730853],[-74.0802742179564,39.9379299007848],[-74.0802912557417,39.9379810338435],[-74.0803033528129,39.9380329942779],[-74.0803104433931,39.9380854996057],[-74.0803116521398,39.938137006718],[-74.0803091643082,39.9381884866251],[-74.0803029874812,39.9382397822436],[-74.0802931404985,39.9382907370521],[-74.0802613924809,39.9385374599294],[-74.0802207617767,39.9387834095561],[-74.0801376073116,39.9392883692387],[-74.0801257381844,39.939355744014],[-74.0801179413712,39.9394234700351],[-74.0801142336655,39.9394914015336],[-74.0801146230595,39.9395593922986],[-74.0801198303576,39.9396318883094],[-74.0801288056272,39.9397041656023],[-74.0801415344762,39.9397761081835],[-74.0801579964886,39.9398476005959],[-74.0801781652568,39.9399185281045],[-74.0802020084241,39.9399887768806],[-74.0802294877368,39.9400582341844],[-74.0802605591051,39.9401267885459],[-74.0802858027291,39.9401783637238],[-74.0803135560877,39.9402291691324],[-74.0803437796735,39.9402791324389],[-74.0803764304617,39.9403281825093],[-74.0804114619716,39.9403762495096],[-74.0804488243327,39.9404232650054],[-74.0804884643557,39.9404691620591],[-74.0805303256081,39.9405138753253],[-74.0805939863556,39.9405772361957],[-74.0806613093406,39.9406383130337],[-74.0807321564454,39.9406969805271],[-74.0808063823202,39.9407531183066],[-74.0808658921813,39.9407944360334],[-74.0809273756887,39.9408340045461],[-74.0809907461212,39.9408717680319],[-74.0810559140958,39.9409076732242]]}},{"type":"Feature","id":213324,"properties":{"OBJECTID":213324,"PRIMENAME":"Dupont Avenue","ELEVTYP_F":0,"ELEVTYP_T":0},"geometry":{"type":"LineString","coordinates":[[-74.07578544188,39.9380400404406],[-74.0759009983705,39.9380510610003]]}},{"type":"Feature","id":213949,"properties":{"OBJECTID":213949,"PRIMENAME":"J Street","ELEVTYP_F":0,"ELEVTYP_T":0},"geometry":{"type":"LineString","coordinates":[[-74.0755328545276,39.9302018021832],[-74.0759440165817,39.9302408863424],[-74.0761297124151,39.9302585366365],[-74.0764146409078,39.9302874712837]]}},{"type":"Feature","id":214179,"properties":{"OBJECTID":214179,"PRIMENAME":"Lake Avenue","ELEVTYP_F":0,"ELEVTYP_T":0},"geometry":{"type":"LineString","coordinates":[[-74.0793623702049,39.9335004241827],[-74.0793621342525,39.9335389685753],[-74.0793351913979,39.9336875889754],[-74.0792709962838,39.9341189585035]]}},{"type":"Feature","id":218023,"properties":{"OBJECTID":218023,"PRIMENAME":"O Street","ELEVTYP_F":0,"ELEVTYP_T":0},"geometry":{"type":"LineString","coordinates":[[-74.076761392544,39.9338737210361],[-74.0777867025542,39.9339704185]]}},{"type":"Feature","id":218452,"properties":{"OBJECTID":218452,"PRIMENAME":"South Ocean Avenue","ELEVTYP_F":0,"ELEVTYP_T":0},"geometry":{"type":"LineString","coordinates":[[-74.0758756486387,39.9208304808889],[-74.0760004753484,39.9201026941655]]}},{"type":"Feature","id":218856,"properties":{"OBJECTID":218856,"PRIMENAME":"3rd Avenue","ELEVTYP_F":0,"ELEVTYP_T":0},"geometry":{"type":"LineString","coordinates":[[-74.0788234634533,39.9211315512628],[-74.0786244169826,39.9211106763427],[-74.0785854711773,39.9211063617821]]}},{"type":"Feature","id":220293,"properties":{"OBJECTID":220293,"PRIMENAME":"Lake Avenue","ELEVTYP_F":0,"ELEVTYP_T":0},"geometry":{"type":"LineString","coordinates":[[-74.0792709962838,39.9341189585035],[-74.0792349955121,39.9343606692288]]}},{"type":"Feature","id":220431,"properties":{"OBJECTID":220431,"PRIMENAME":"Northwest Central Avenue","ELEVTYP_F":0,"ELEVTYP_T":0},"geometry":{"type":"LineString","coordinates":[[-74.0772113137036,39.9311143256686],[-74.0772741811721,39.9307147709475],[-74.0773281614602,39.9303801677707]]}},{"type":"Feature","id":220486,"properties":{"OBJECTID":220486,"PRIMENAME":"North Ocean Avenue","ELEVTYP_F":0,"ELEVTYP_T":0},"geometry":{"type":"LineString","coordinates":[[-74.0745149869289,39.9263090884402],[-74.0746349711285,39.9259010696054],[-74.0747231249536,39.9256176291827]]}},{"type":"Feature","id":221733,"properties":{"OBJECTID":221733,"PRIMENAME":"FR RT 35 NB to RT 35 SB","ELEVTYP_F":0,"ELEVTYP_T":0},"geometry":{"type":"LineString","coordinates":[[-74.0788338223129,39.9372758845412],[-74.0789377326379,39.9372096918605],[-74.0789822655739,39.937181323411],[-74.0789881718937,39.9371363036728],[-74.078998015746,39.9370612701738]]}},{"type":"Feature","id":221977,"properties":{"OBJECTID":221977,"PRIMENAME":"Northwest Central Avenue","ELEVTYP_F":0,"ELEVTYP_T":0},"geometry":{"type":"LineString","coordinates":[[-74.0775960256607,39.9287704236518],[-74.0776614791949,39.9283729090904],[-74.0777090527842,39.9280647480272]]}},{"type":"Feature","id":223261,"properties":{"OBJECTID":223261,"PRIMENAME":"11th Avenue","ELEVTYP_F":0,"ELEVTYP_T":0},"geometry":{"type":"LineString","coordinates":[[-74.079590596475,39.9152430727329],[-74.079419033051,39.9152259782556],[-74.0768842965882,39.9149645918595]]}},{"type":"Feature","id":223369,"properties":{"OBJECTID":223369,"PRIMENAME":"Stockton Avenue","ELEVTYP_F":0,"ELEVTYP_T":0},"geometry":{"type":"LineString","coordinates":[[-74.0774427822793,39.9360448708579],[-74.0789501002027,39.9361914948023]]}},{"type":"Feature","id":224134,"properties":{"OBJECTID":224134,"PRIMENAME":"14th Avenue","ELEVTYP_F":0,"ELEVTYP_T":0},"geometry":{"type":"LineString","coordinates":[[-74.0799725954052,39.9130535341325],[-74.0798932146722,39.9130446681257],[-74.0798429681911,39.913039056544],[-74.0798395889681,39.9130386795088],[-74.0776993609207,39.9128211843],[-74.0776825737669,39.9128194784508]]}},{"type":"Feature","id":225726,"properties":{"OBJECTID":225726,"PRIMENAME":"D Street","ELEVTYP_F":0,"ELEVTYP_T":0},"geometry":{"type":"LineString","coordinates":[[-74.0780441269939,39.9259593462448],[-74.0794695423043,39.9260982532635]]}},{"type":"Feature","id":226408,"properties":{"OBJECTID":226408,"PRIMENAME":"Farragut Avenue","ELEVTYP_F":0,"ELEVTYP_T":0},"geometry":{"type":"LineString","coordinates":[[-74.0745118827045,39.9364519996262],[-74.0749538161102,39.9364944446105],[-74.0760305081472,39.9365984841437]]}},{"type":"Feature","id":227028,"properties":{"OBJECTID":227028,"PRIMENAME":"Central Avenue","ELEVTYP_F":0,"ELEVTYP_T":0},"geometry":{"type":"LineString","coordinates":[[-74.078998015746,39.9370612701738],[-74.0789541002424,39.9370572547411]]}},{"type":"Feature","id":227272,"properties":{"OBJECTID":227272,"PRIMENAME":"Central Avenue","ELEVTYP_F":0,"ELEVTYP_T":0},"geometry":{"type":"LineString","coordinates":[[-74.0774641162621,39.9358928213163],[-74.0774693010861,39.9358558649274],[-74.0774799662946,39.9357628076103],[-74.0774753424936,39.9356969295198],[-74.0774505354988,39.9356308121428],[-74.077420675274,39.9355686575067],[-74.0773706413752,39.9355102456623],[-74.0773103961503,39.9354712889615],[-74.0772400589295,39.9354437975735],[-74.0771645732895,39.9354241398081],[-74.0771282990139,39.9354203767297],[-74.0769736826261,39.9354043357135]]}},{"type":"Feature","id":227833,"properties":{"OBJECTID":227833,"PRIMENAME":"J Street","ELEVTYP_F":0,"ELEVTYP_T":0},"geometry":{"type":"LineString","coordinates":[[-74.0736431362431,39.9300221294415],[-74.0755328545276,39.9302018021832]]}},{"type":"Feature","id":230720,"properties":{"OBJECTID":230720,"PRIMENAME":"Barnegat Avenue","ELEVTYP_F":0,"ELEVTYP_T":0},"geometry":{"type":"LineString","coordinates":[[-74.0824517425292,39.9129046868162],[-74.0824837698521,39.9127185027251]]}},{"type":"Feature","id":231076,"properties":{"OBJECTID":231076,"PRIMENAME":"North Ocean Avenue","ELEVTYP_F":0,"ELEVTYP_T":0},"geometry":{"type":"LineString","coordinates":[[-74.0728664444217,39.933505420444],[-74.0729061740681,39.9333272817597],[-74.0730143086523,39.9328269485142]]}},{"type":"Feature","id":231219,"properties":{"OBJECTID":231219,"PRIMENAME":"E Street","ELEVTYP_F":0,"ELEVTYP_T":0},"geometry":{"type":"LineString","coordinates":[[-74.0779401808894,39.9266680477002],[-74.0786400525438,39.9267384324231],[-74.0795043860225,39.9268259358179]]}},{"type":"Feature","id":234332,"properties":{"OBJECTID":234332,"PRIMENAME":"J Street","ELEVTYP_F":0,"ELEVTYP_T":0},"geometry":{"type":"LineString","coordinates":[[-74.0764146409078,39.9302874712837],[-74.0770359615376,39.9303505495182]]}},{"type":"Feature","id":236743,"properties":{"OBJECTID":236743,"PRIMENAME":"Central Avenue","ELEVTYP_F":0,"ELEVTYP_T":0},"geometry":{"type":"LineString","coordinates":[[-74.0811989238114,39.9382666963959],[-74.0811791392045,39.9382358763042],[-74.0810890726582,39.9381269156254],[-74.080948861068,39.9379712679037],[-74.0808637053102,39.9378933202182],[-74.0807384029084,39.937784259801],[-74.0807017271853,39.9377530524858]]}},{"type":"Feature","id":236913,"properties":{"OBJECTID":236913,"PRIMENAME":"Southwest Central Avenue","ELEVTYP_F":0,"ELEVTYP_T":0},"geometry":{"type":"LineString","coordinates":[[-74.0799545164548,39.9145350905784],[-74.0800367789238,39.9140427266628],[-74.080057727178,39.913910913813],[-74.0800734836764,39.9138062064155],[-74.0800729169777,39.9137938500979]]}},{"type":"Feature","id":237696,"properties":{"OBJECTID":237696,"PRIMENAME":"O Street","ELEVTYP_F":0,"ELEVTYP_T":0},"geometry":{"type":"LineString","coordinates":[[-74.0783452278464,39.9340263156271],[-74.0792709962838,39.9341189585035]]}},{"type":"Feature","id":240163,"properties":{"OBJECTID":240163,"PRIMENAME":"North Ocean Avenue","ELEVTYP_F":0,"ELEVTYP_T":0},"geometry":{"type":"LineString","coordinates":[[-74.0739939233318,39.9284120671616],[-74.0741553377764,39.9277127498991]]}},{"type":"Feature","id":242018,"properties":{"OBJECTID":242018,"PRIMENAME":"Bay Terrace","ELEVTYP_F":0,"ELEVTYP_T":0},"geometry":{"type":"LineString","coordinates":[[-74.0779625913568,39.9378776073458],[-74.0762003511851,39.9377068960482]]}},{"type":"Feature","id":243650,"properties":{"OBJECTID":243650,"PRIMENAME":"South Ocean Avenue","ELEVTYP_F":0,"ELEVTYP_T":0},"geometry":{"type":"LineString","coordinates":[[-74.0757610960346,39.9215222582392],[-74.0758195353345,39.9211410269656],[-74.0758756486387,39.9208304808889]]}},{"type":"Feature","id":244207,"properties":{"OBJECTID":244207,"PRIMENAME":"North Ocean Avenue","ELEVTYP_F":0,"ELEVTYP_T":0},"geometry":{"type":"LineString","coordinates":[[-74.072765596547,39.9341986983868],[-74.0727908207949,39.9339560168516],[-74.0728295446103,39.933704489565],[-74.0728664444217,39.933505420444]]}},{"type":"Feature","id":247041,"properties":{"OBJECTID":247041,"PRIMENAME":"Berkeley Lane","ELEVTYP_F":0,"ELEVTYP_T":0},"geometry":{"type":"LineString","coordinates":[[-74.0783080952585,39.9326445359808],[-74.0782702751194,39.9328858282194],[-74.0781895266586,39.9333288048662]]}},{"type":"Feature","id":247206,"properties":{"OBJECTID":247206,"PRIMENAME":"South Ocean Avenue","ELEVTYP_F":0,"ELEVTYP_T":0},"geometry":{"type":"LineString","coordinates":[[-74.0770057785754,39.9142264958616],[-74.0771298085499,39.9134966451071]]}},{"type":"Feature","id":249703,"properties":{"OBJECTID":249703,"PRIMENAME":"N Street","ELEVTYP_F":0,"ELEVTYP_T":0},"geometry":{"type":"LineString","coordinates":[[-74.0750747481493,39.9330235647949],[-74.074722755383,39.9329902907359],[-74.0743896781261,39.9329602969979],[-74.0736000435181,39.9328865922706],[-74.0730143086523,39.9328269485142]]}},{"type":"Feature","id":250906,"properties":{"OBJECTID":250906,"PRIMENAME":"State Highway 37","ELEVTYP_F":0,"ELEVTYP_T":0},"geometry":{"type":"LineString","coordinates":[[-74.0776201890029,39.9372779764309],[-74.0780477871368,39.937307592462],[-74.0783832944595,39.937330829174],[-74.0784281590729,39.9373314075404],[-74.0788261749488,39.9373365298648],[-74.0788300798346,39.9373366710504]]}},{"type":"Feature","id":252055,"properties":{"OBJECTID":252055,"PRIMENAME":"FR RT 35 NB to PORTER AVE","ELEVTYP_F":0,"ELEVTYP_T":0},"geometry":{"type":"LineString","coordinates":[[-74.0776201890029,39.9372779764309],[-74.0777159641109,39.9372926286606],[-74.0778084972504,39.9373357937675],[-74.0778528816995,39.9373631020447],[-74.0778824713555,39.9373813069529],[-74.0779316373544,39.9374243410873],[-74.0779719671802,39.937455138342],[-74.078026243226,39.9374916698555]]}},{"type":"Feature","id":252823,"properties":{"OBJECTID":252823,"PRIMENAME":"12th Avenue","ELEVTYP_F":0,"ELEVTYP_T":0},"geometry":{"type":"LineString","coordinates":[[-74.079716903133,39.9145101245749],[-74.0799545164548,39.9145350905784]]}},{"type":"Feature","id":255783,"properties":{"OBJECTID":255783,"PRIMENAME":"North Bayview Avenue","ELEVTYP_F":0,"ELEVTYP_T":0},"geometry":{"type":"LineString","coordinates":[[-74.0794390757672,39.9253896943049],[-74.0794390767372,39.9253895357822],[-74.0794369849337,39.9253350528034],[-74.0794282930186,39.9250480184603],[-74.0794252414729,39.924975638343],[-74.0794259800798,39.9248549268594],[-74.07943698568,39.9247638195666],[-74.0794430424282,39.9247064072797]]}},{"type":"Feature","id":255910,"properties":{"OBJECTID":255910,"PRIMENAME":"Decatur Avenue","ELEVTYP_F":0,"ELEVTYP_T":0},"geometry":{"type":"LineString","coordinates":[[-74.0776262494466,39.9353522737027],[-74.0775642536136,39.9353369482422],[-74.0775537394665,39.9353360047149]]}},{"type":"Feature","id":256342,"properties":{"OBJECTID":256342,"PRIMENAME":"Stockton Avenue","ELEVTYP_F":0,"ELEVTYP_T":0},"geometry":{"type":"LineString","coordinates":[[-74.0761399620271,39.935922064035],[-74.0746239697482,39.9357729551237]]}},{"type":"Feature","id":256723,"properties":{"OBJECTID":256723,"PRIMENAME":"I Street","ELEVTYP_F":0,"ELEVTYP_T":0},"geometry":{"type":"LineString","coordinates":[[-74.0773341287499,39.9294679508503],[-74.0774716614428,39.929480889209]]}},{"type":"Feature","id":258103,"properties":{"OBJECTID":258103,"PRIMENAME":"K Street","ELEVTYP_F":0,"ELEVTYP_T":0},"geometry":{"type":"LineString","coordinates":[[-74.0734827461652,39.9307442907341],[-74.0754149543631,39.9309358454241]]}},{"type":"Feature","id":258270,"properties":{"OBJECTID":258270,"PRIMENAME":"North Ocean Avenue","ELEVTYP_F":0,"ELEVTYP_T":0},"geometry":{"type":"LineString","coordinates":[[-74.0741553377764,39.9277127498991],[-74.0743067129963,39.9270159489986]]}},{"type":"Feature","id":262349,"properties":{"OBJECTID":262349,"PRIMENAME":"E Street","ELEVTYP_F":0,"ELEVTYP_T":0},"geometry":{"type":"LineString","coordinates":[[-74.0776327782387,39.9266371137141],[-74.0779401808894,39.9266680477002]]}},{"type":"Feature","id":265239,"properties":{"OBJECTID":265239,"PRIMENAME":"O Street","ELEVTYP_F":0,"ELEVTYP_T":0},"geometry":{"type":"LineString","coordinates":[[-74.0777867025542,39.9339704185],[-74.0783452278464,39.9340263156271]]}},{"type":"Feature","id":265566,"properties":{"OBJECTID":265566,"PRIMENAME":"Stockton Avenue","ELEVTYP_F":0,"ELEVTYP_T":0},"geometry":{"type":"LineString","coordinates":[[-74.0746239697482,39.9357729551237],[-74.073698851524,39.9356819528641],[-74.0725417457577,39.9355680692834]]}},{"type":"Feature","id":265842,"properties":{"OBJECTID":265842,"PRIMENAME":"North Ocean Avenue","ELEVTYP_F":0,"ELEVTYP_T":0},"geometry":{"type":"LineString","coordinates":[[-74.0721820361664,39.9369204965284],[-74.072373434754,39.936246656716]]}},{"type":"Feature","id":266114,"properties":{"OBJECTID":266114,"PRIMENAME":"North Ocean Avenue","ELEVTYP_F":0,"ELEVTYP_T":0},"geometry":{"type":"LineString","coordinates":[[-74.0733236540624,39.9314464155465],[-74.0734374806377,39.9309241666318],[-74.0734827461652,39.9307442907341]]}},{"type":"Feature","id":266243,"properties":{"OBJECTID":266243,"PRIMENAME":"14th Avenue","ELEVTYP_F":0,"ELEVTYP_T":0},"geometry":{"type":"LineString","coordinates":[[-74.0776825737669,39.9128194784508],[-74.077513794895,39.9128037063489],[-74.077424041777,39.9128009906051],[-74.0772861864431,39.9128168506301]]}},{"type":"Feature","id":266410,"properties":{"OBJECTID":266410,"PRIMENAME":"Ocean Boulevard","ELEVTYP_F":0,"ELEVTYP_T":0},"geometry":{"type":"LineString","coordinates":[[-74.0753006757613,39.9316489528517],[-74.0751873859114,39.9323400745114]]}},{"type":"Feature","id":267116,"properties":{"OBJECTID":267116,"PRIMENAME":"Ocean Boulevard","ELEVTYP_F":0,"ELEVTYP_T":0},"geometry":{"type":"LineString","coordinates":[[-74.0742775715389,39.9378965033032],[-74.0741777577849,39.938521920465],[-74.074169195431,39.9385741332075]]}},{"type":"Feature","id":267710,"properties":{"OBJECTID":267710,"PRIMENAME":"G Street","ELEVTYP_F":0,"ELEVTYP_T":0},"geometry":{"type":"LineString","coordinates":[[-74.0741553377764,39.9277127498991],[-74.0770847794526,39.9280039405503],[-74.077401209913,39.9280347719859]]}},{"type":"Feature","id":268620,"properties":{"OBJECTID":268620,"PRIMENAME":"8th Avenue","ELEVTYP_F":0,"ELEVTYP_T":0},"geometry":{"type":"LineString","coordinates":[[-74.0816258186727,39.9176958681829],[-74.0794549120353,39.9174739567615]]}},{"type":"Feature","id":268743,"properties":{"OBJECTID":268743,"PRIMENAME":"Northwest Central Avenue","ELEVTYP_F":0,"ELEVTYP_T":0},"geometry":{"type":"LineString","coordinates":[[-74.0774716614428,39.929480889209],[-74.0774943266384,39.9293384036452],[-74.0775829137781,39.9288498542417],[-74.0775960256607,39.9287704236518]]}},{"type":"Feature","id":273321,"properties":{"OBJECTID":273321,"PRIMENAME":"South Bayview Avenue","ELEVTYP_F":0,"ELEVTYP_T":0},"geometry":{"type":"LineString","coordinates":[[-74.0847284460529,39.9122111189352],[-74.0847786256672,39.9124325234599],[-74.0848363628764,39.9127130079867],[-74.0848470028769,39.9127931011297],[-74.0848487407306,39.9128359635857]]}},{"type":"Feature","id":273395,"properties":{"OBJECTID":273395,"PRIMENAME":"I Street","ELEVTYP_F":0,"ELEVTYP_T":0},"geometry":{"type":"LineString","coordinates":[[-74.0773341287499,39.9294679508503],[-74.0771652330641,39.9294519886454]]}},{"type":"Feature","id":275936,"properties":{"OBJECTID":275936,"PRIMENAME":"M Street","ELEVTYP_F":0,"ELEVTYP_T":0},"geometry":{"type":"LineString","coordinates":[[-74.0766984961132,39.9324880593285],[-74.0769831555499,39.9325158657048]]}},{"type":"Feature","id":276302,"properties":{"OBJECTID":276302,"PRIMENAME":"Dupont Avenue","ELEVTYP_F":0,"ELEVTYP_T":0},"geometry":{"type":"LineString","coordinates":[[-74.0759009983705,39.9380510610003],[-74.0759996608524,39.9380603992782]]}},{"type":"Feature","id":277073,"properties":{"OBJECTID":277073,"PRIMENAME":"Lake Avenue","ELEVTYP_F":0,"ELEVTYP_T":0},"geometry":{"type":"LineString","coordinates":[[-74.0790595985284,39.9327168389427],[-74.0791553506079,39.932726050476],[-74.079188677854,39.9327461853531],[-74.0792144297712,39.9327863066453]]}},{"type":"Feature","id":277395,"properties":{"OBJECTID":277395,"PRIMENAME":"South Ocean Avenue","ELEVTYP_F":0,"ELEVTYP_T":0},"geometry":{"type":"LineString","coordinates":[[-74.0768842965882,39.9149645918595],[-74.0770057785754,39.9142264958616]]}},{"type":"Feature","id":278462,"properties":{"OBJECTID":278462,"PRIMENAME":"H Street","ELEVTYP_F":0,"ELEVTYP_T":0},"geometry":{"type":"LineString","coordinates":[[-74.0799017556825,39.9289924190059],[-74.0775960256607,39.9287704236518]]}},{"type":"Feature","id":279742,"properties":{"OBJECTID":279742,"PRIMENAME":"Porter Avenue","ELEVTYP_F":0,"ELEVTYP_T":0},"geometry":{"type":"LineString","coordinates":[[-74.0762620774555,39.9373382237124],[-74.0767091772803,39.9373782750802],[-74.078026243226,39.9374916698555]]}},{"type":"Feature","id":280189,"properties":{"OBJECTID":280189,"PRIMENAME":"North Ocean Avenue","ELEVTYP_F":0,"ELEVTYP_T":0},"geometry":{"type":"LineString","coordinates":[[-74.0731707761734,39.9321407924475],[-74.0733236540624,39.9314464155465]]}},{"type":"Feature","id":280316,"properties":{"OBJECTID":280316,"PRIMENAME":"M Street","ELEVTYP_F":0,"ELEVTYP_T":0},"geometry":{"type":"LineString","coordinates":[[-74.0731707761734,39.9321407924475],[-74.0751873859114,39.9323400745114]]}},{"type":"Feature","id":280402,"properties":{"OBJECTID":280402,"PRIMENAME":"South Bayview Avenue","ELEVTYP_F":0,"ELEVTYP_T":0},"geometry":{"type":"LineString","coordinates":[[-74.0823755954803,39.9133218861445],[-74.0823747445308,39.9133217912065],[-74.0822958545325,39.9133183014023],[-74.0821961363812,39.9133139916082],[-74.0819084694712,39.9132891253633],[-74.080501253155,39.9131434237654],[-74.0803064372531,39.9131164997983],[-74.0800807646187,39.9130751612465],[-74.0799727894402,39.9130535555519],[-74.0799725954052,39.9130535341325]]}},{"type":"Feature","id":281296,"properties":{"OBJECTID":281296,"PRIMENAME":"Berkeley Lane","ELEVTYP_F":0,"ELEVTYP_T":0},"geometry":{"type":"LineString","coordinates":[[-74.0784169132005,39.9319505136077],[-74.0783080952585,39.9326445359808]]}},{"type":"Feature","id":281984,"properties":{"OBJECTID":281984,"PRIMENAME":"Ocean Boulevard","ELEVTYP_F":0,"ELEVTYP_T":0},"geometry":{"type":"LineString","coordinates":[[-74.0748486524597,39.9343949084453],[-74.074734476682,39.9350953322691]]}},{"type":"Feature","id":286524,"properties":{"OBJECTID":286524,"PRIMENAME":"North Bayview Avenue","ELEVTYP_F":0,"ELEVTYP_T":0},"geometry":{"type":"LineString","coordinates":[[-74.0795043860225,39.9268259358179],[-74.0795043869869,39.9268257781959],[-74.0794832009502,39.9263194712365],[-74.0794695423043,39.9260982532635]]}},{"type":"Feature","id":286890,"properties":{"OBJECTID":286890,"PRIMENAME":"FR CO 47 to RT 35 NB","ELEVTYP_F":0,"ELEVTYP_T":0},"geometry":{"type":"LineString","coordinates":[[-74.0759996608524,39.9380603992782],[-74.0760162340383,39.9379580296258],[-74.0760380705539,39.9378175005895]]}},{"type":"Feature","id":287037,"properties":{"OBJECTID":287037,"PRIMENAME":"South Ocean Avenue","ELEVTYP_F":0,"ELEVTYP_T":0},"geometry":{"type":"LineString","coordinates":[[-74.0765098412826,39.9171633315721],[-74.0766346349156,39.9164329900272]]}},{"type":"Feature","id":289049,"properties":{"OBJECTID":289049,"PRIMENAME":"FR RT 35 NB to CO 47","ELEVTYP_F":0,"ELEVTYP_T":0},"geometry":{"type":"LineString","coordinates":[[-74.0760305081472,39.9365984841437],[-74.0759444864916,39.9369511158734],[-74.0759176572109,39.9370797218939],[-74.0758909386984,39.9372771817084],[-74.0758900280158,39.937282925843]]}},{"type":"Feature","id":289186,"properties":{"OBJECTID":289186,"PRIMENAME":"South Bayview Avenue","ELEVTYP_F":0,"ELEVTYP_T":0},"geometry":{"type":"LineString","coordinates":[[-74.0847392322137,39.9142801722689],[-74.0847392331656,39.9142800146465],[-74.0847449573504,39.9142647634495],[-74.0847643308074,39.9141679478546],[-74.0848184558254,39.9138543427518],[-74.0848294351458,39.9137658980939],[-74.0848320032005,39.9136181776014],[-74.0848311059144,39.9135600815911]]}},{"type":"Feature","id":289468,"properties":{"OBJECTID":289468,"PRIMENAME":"14th Avenue","ELEVTYP_F":0,"ELEVTYP_T":0},"geometry":{"type":"LineString","coordinates":[[-74.0848311059144,39.9135600815911],[-74.0832392854375,39.9134119407871],[-74.0823755954803,39.9133218861445]]}},{"type":"Feature","id":289981,"properties":{"OBJECTID":289981,"PRIMENAME":"11th Avenue","ELEVTYP_F":0,"ELEVTYP_T":0},"geometry":{"type":"LineString","coordinates":[[-74.0798278288282,39.9152666640191],[-74.079590596475,39.9152430727329]]}},{"type":"Feature","id":290662,"properties":{"OBJECTID":290662,"PRIMENAME":"Decatur Avenue","ELEVTYP_F":0,"ELEVTYP_T":0},"geometry":{"type":"LineString","coordinates":[[-74.0762570965796,39.9352372429126],[-74.074734476682,39.9350953322691]]}},{"type":"Feature","id":291425,"properties":{"OBJECTID":291425,"PRIMENAME":"M Street","ELEVTYP_F":0,"ELEVTYP_T":0},"geometry":{"type":"LineString","coordinates":[[-74.0783080952585,39.9326445359808],[-74.0790595985284,39.9327168389427]]}},{"type":"Feature","id":291688,"properties":{"OBJECTID":291688,"PRIMENAME":"Southwest Central Avenue","ELEVTYP_F":0,"ELEVTYP_T":0},"geometry":{"type":"LineString","coordinates":[[-74.0788234634533,39.9211315512628],[-74.0788664473998,39.9208780876782],[-74.0789431559241,39.920410413431]]}},{"type":"Feature","id":292056,"properties":{"OBJECTID":292056,"PRIMENAME":"N Street","ELEVTYP_F":0,"ELEVTYP_T":0},"geometry":{"type":"LineString","coordinates":[[-74.0768723220042,39.9331930782259],[-74.0765882231698,39.9331663166529]]}},{"type":"Feature","id":292625,"properties":{"OBJECTID":292625,"PRIMENAME":"Bayview Avenue","ELEVTYP_F":0,"ELEVTYP_T":0},"geometry":{"type":"LineString","coordinates":[[-74.0777867025542,39.9339704185],[-74.0777068009936,39.934042798188],[-74.0776067312145,39.9345824786879],[-74.0775941451047,39.9346631748178]]}},{"type":"Feature","id":294576,"properties":{"OBJECTID":294576,"PRIMENAME":"Unnamed Segment","ELEVTYP_F":0,"ELEVTYP_T":0},"geometry":{"type":"LineString","coordinates":[[-74.0760380705539,39.9378175005895],[-74.076148500098,39.9377417236245],[-74.0762003511851,39.9377068960482]]}},{"type":"Feature","id":298067,"properties":{"OBJECTID":298067,"PRIMENAME":"8th Avenue","ELEVTYP_F":0,"ELEVTYP_T":0},"geometry":{"type":"LineString","coordinates":[[-74.0792160722261,39.9174495617404],[-74.0789444522429,39.9174218082194],[-74.0765098412826,39.9171633315721]]}},{"type":"Feature","id":302370,"properties":{"OBJECTID":302370,"PRIMENAME":"L Street","ELEVTYP_F":0,"ELEVTYP_T":0},"geometry":{"type":"LineString","coordinates":[[-74.0753006757613,39.9316489528517],[-74.0750536229555,39.9316243552267],[-74.0733236540624,39.9314464155465]]}},{"type":"Feature","id":302527,"properties":{"OBJECTID":302527,"PRIMENAME":"K Street","ELEVTYP_F":0,"ELEVTYP_T":0},"geometry":{"type":"LineString","coordinates":[[-74.0836153266085,39.9317334691978],[-74.0836412657036,39.9317312835329],[-74.0836602328799,39.9317261905351],[-74.0836745235532,39.9317160835672],[-74.0836841796369,39.9316998377864],[-74.083691322193,39.9316803719255],[-74.083705041143,39.931611483939],[-74.0837843821663,39.9311060677366],[-74.0837746493581,39.9310702878581],[-74.0837449097128,39.9310523090763],[-74.0836985222853,39.9310393766786],[-74.0819712047753,39.9308697008829],[-74.0819247246141,39.9308720868302],[-74.0818782329449,39.9308821324119],[-74.0818515764965,39.9309024618343],[-74.0818348392377,39.9309279611092],[-74.0818213360744,39.9309611038177],[-74.0817269350378,39.9315479746845]]}},{"type":"Feature","id":302991,"properties":{"OBJECTID":302991,"PRIMENAME":"East Central Avenue","ELEVTYP_F":0,"ELEVTYP_T":0},"geometry":{"type":"LineString","coordinates":[[-74.0759009983705,39.9380510610003],[-74.0758828288481,39.9381691828108],[-74.0758370168115,39.9386111872021],[-74.0758190908173,39.9387419397118]]}},{"type":"Feature","id":306631,"properties":{"OBJECTID":306631,"PRIMENAME":"Northwest Central Avenue","ELEVTYP_F":0,"ELEVTYP_T":0},"geometry":{"type":"LineString","coordinates":[[-74.0769831555499,39.9325158657048],[-74.0770487361262,39.9321222784428],[-74.0770988732723,39.9318214572186]]}},{"type":"Feature","id":306785,"properties":{"OBJECTID":306785,"PRIMENAME":"FR CO 47 to RT 35 NB","ELEVTYP_F":0,"ELEVTYP_T":0},"geometry":{"type":"LineString","coordinates":[[-74.0760380705539,39.9378175005895],[-74.0760704211669,39.9376093167171],[-74.0760938400544,39.9374263940658],[-74.0761051790741,39.9373921182611],[-74.0761276982479,39.9373550010387],[-74.0761629039467,39.9373252052679],[-74.0761878542444,39.9373120307337]]}},{"type":"Feature","id":307151,"properties":{"OBJECTID":307151,"PRIMENAME":"FR CO 47 to RT 35 NB","ELEVTYP_F":0,"ELEVTYP_T":0},"geometry":{"type":"LineString","coordinates":[[-74.0761878542444,39.9373120307337],[-74.0762011182482,39.937305028416],[-74.0762393641157,39.9372911125404],[-74.0762754603093,39.9372848196582],[-74.0763309427088,39.937280767429],[-74.0767290222041,39.9372469979821]]}},{"type":"Feature","id":307498,"properties":{"OBJECTID":307498,"PRIMENAME":"Bay Boulevard","ELEVTYP_F":0,"ELEVTYP_T":0},"geometry":{"type":"LineString","coordinates":[[-74.0798780853035,39.9377346110574],[-74.0799297336541,39.9377919576025],[-74.0799554004238,39.937846381753],[-74.0799662481896,39.9378978969446],[-74.0799659334861,39.9379493716965],[-74.0798869570578,39.9384358970522]]}},{"type":"Feature","id":307534,"properties":{"OBJECTID":307534,"PRIMENAME":"Barnegat Avenue","ELEVTYP_F":0,"ELEVTYP_T":0},"geometry":{"type":"LineString","coordinates":[[-74.0815600097826,39.9180314060334],[-74.0816258186727,39.9176958681829]]}},{"type":"Feature","id":309800,"properties":{"OBJECTID":309800,"PRIMENAME":"3rd Avenue","ELEVTYP_F":0,"ELEVTYP_T":0},"geometry":{"type":"LineString","coordinates":[[-74.0785854711773,39.9211063617821],[-74.0778328958158,39.921022882095],[-74.0771348080329,39.9209560145322],[-74.0766137969604,39.9209052178607],[-74.0758756486387,39.9208304808889]]}},{"type":"Feature","id":309870,"properties":{"OBJECTID":309870,"PRIMENAME":"6th Avenue","ELEVTYP_F":0,"ELEVTYP_T":0},"geometry":{"type":"LineString","coordinates":[[-74.0807866586628,39.9191057550433],[-74.079546487036,39.9189756632883]]}},{"type":"Feature","id":310156,"properties":{"OBJECTID":310156,"PRIMENAME":"Boulevard Boulevard","ELEVTYP_F":0,"ELEVTYP_T":0},"geometry":{"type":"LineString","coordinates":[[-74.0743988005625,39.9371371840653],[-74.0742775715389,39.9378965033032]]}},{"type":"Feature","id":310378,"properties":{"OBJECTID":310378,"PRIMENAME":"10th Avenue","ELEVTYP_F":0,"ELEVTYP_T":0},"geometry":{"type":"LineString","coordinates":[[-74.0797018202356,39.9160034287278],[-74.0817923780133,39.9162098091979],[-74.0818764306797,39.916218540332]]}},{"type":"Feature","id":312091,"properties":{"OBJECTID":312091,"PRIMENAME":"O Street","ELEVTYP_F":0,"ELEVTYP_T":0},"geometry":{"type":"LineString","coordinates":[[-74.0728664444217,39.933505420444],[-74.0748505780683,39.9336918769327],[-74.0749621323839,39.9337029377924]]}},{"type":"Feature","id":312097,"properties":{"OBJECTID":312097,"PRIMENAME":"North Ocean Avenue","ELEVTYP_F":0,"ELEVTYP_T":0},"geometry":{"type":"LineString","coordinates":[[-74.0736431362431,39.9300221294415],[-74.0738358306457,39.9291215537019]]}},{"type":"Feature","id":312261,"properties":{"OBJECTID":312261,"PRIMENAME":"Central Avenue","ELEVTYP_F":0,"ELEVTYP_T":0},"geometry":{"type":"LineString","coordinates":[[-74.0788300798346,39.9373366710504],[-74.0789357086531,39.9373420377843],[-74.07904100719,39.9373504094519],[-74.0791458312385,39.9373617745884],[-74.0792500372415,39.9373761176292],[-74.079353482488,39.9373934189315],[-74.0794560253087,39.9374136548012],[-74.0795575252697,39.9374367975251],[-74.079657843365,39.9374628154092],[-74.0797217427303,39.937478763807],[-74.0797839713249,39.9374982374988],[-74.079844201426,39.9375211339283],[-74.0799021158346,39.9375473325132],[-74.0799574095462,39.9375766952809],[-74.0800097913569,39.9376090675945],[-74.0800589853969,39.9376442789671],[-74.0801047325836,39.9376821439602],[-74.0801190684797,39.9376961344508]]}},{"type":"Feature","id":312614,"properties":{"OBJECTID":312614,"PRIMENAME":"Northwest Central Avenue","ELEVTYP_F":0,"ELEVTYP_T":0},"geometry":{"type":"LineString","coordinates":[[-74.0770988732723,39.9318214572186],[-74.0771430853004,39.931556166527],[-74.0771955022796,39.9312149690198],[-74.0772113137036,39.9311143256686]]}},{"type":"Feature","id":312823,"properties":{"OBJECTID":312823,"PRIMENAME":"Barnegat Avenue","ELEVTYP_F":0,"ELEVTYP_T":0},"geometry":{"type":"LineString","coordinates":[[-74.0824080512582,39.9131553573289],[-74.0824130197478,39.9131297884847],[-74.0824517425292,39.9129046868162]]}},{"type":"Feature","id":314531,"properties":{"OBJECTID":314531,"PRIMENAME":"FR RT 35 NB to J ST","ELEVTYP_F":0,"ELEVTYP_T":0},"geometry":{"type":"LineString","coordinates":[[-74.0770924784811,39.9299341156654],[-74.0769601633457,39.9301161190895],[-74.0768732971101,39.9301909705332],[-74.0768066254021,39.9302202373916],[-74.0767566204265,39.9302421854791],[-74.0764146409078,39.9302874712837]]}},{"type":"Feature","id":315398,"properties":{"OBJECTID":315398,"PRIMENAME":"Brighton Avenue","ELEVTYP_F":0,"ELEVTYP_T":0},"geometry":{"type":"LineString","coordinates":[[-74.0749589185104,39.9242418174272],[-74.0765086785981,39.9244018880247],[-74.0779958559264,39.924552185077]]}},{"type":"Feature","id":316601,"properties":{"OBJECTID":316601,"PRIMENAME":"J Street","ELEVTYP_F":0,"ELEVTYP_T":0},"geometry":{"type":"LineString","coordinates":[[-74.0770359615376,39.9303505495182],[-74.0772001834244,39.930367209138]]}},{"type":"Feature","id":316684,"properties":{"OBJECTID":316684,"PRIMENAME":"North Avenue","ELEVTYP_F":0,"ELEVTYP_T":0},"geometry":{"type":"LineString","coordinates":[[-74.0784684291247,39.9231854076398],[-74.0788220328277,39.9232214764899],[-74.0796157542946,39.9233036992301]]}},{"type":"Feature","id":317047,"properties":{"OBJECTID":317047,"PRIMENAME":"M Street","ELEVTYP_F":0,"ELEVTYP_T":0},"geometry":{"type":"LineString","coordinates":[[-74.0769831555499,39.9325158657048],[-74.077703733327,39.9325863577634],[-74.0783080952585,39.9326445359808]]}},{"type":"Feature","id":317209,"properties":{"OBJECTID":317209,"PRIMENAME":"K Street","ELEVTYP_F":0,"ELEVTYP_T":0},"geometry":{"type":"LineString","coordinates":[[-74.078977161389,39.9312803400959],[-74.0794991330448,39.9313310729221],[-74.0814331201267,39.9315190210076],[-74.0817269350378,39.9315479746845]]}},{"type":"Feature","id":318001,"properties":{"OBJECTID":318001,"PRIMENAME":"1st Avenue","ELEVTYP_F":0,"ELEVTYP_T":0},"geometry":{"type":"LineString","coordinates":[[-74.078349202694,39.9224803966383],[-74.0777307500375,39.9224146724877],[-74.0767120439289,39.9223157208012],[-74.0756399379089,39.9222037160109]]}},{"type":"Feature","id":318283,"properties":{"OBJECTID":318283,"PRIMENAME":"South Bayview Avenue","ELEVTYP_F":0,"ELEVTYP_T":0},"geometry":{"type":"LineString","coordinates":[[-74.0801092511095,39.9219721321151],[-74.0801092520778,39.9219719735922],[-74.0804363667028,39.921398924692],[-74.0804504683696,39.9213667993632],[-74.0804612138966,39.921323928032],[-74.0804641198077,39.9213034030739]]}},{"type":"Feature","id":319508,"properties":{"OBJECTID":319508,"PRIMENAME":"Lafayette Avenue","ELEVTYP_F":0,"ELEVTYP_T":0},"geometry":{"type":"LineString","coordinates":[[-74.0775941451047,39.9346631748178],[-74.0766367809265,39.934569332237]]}},{"type":"Feature","id":321233,"properties":{"OBJECTID":321233,"PRIMENAME":"North Bayview Avenue","ELEVTYP_F":0,"ELEVTYP_T":0},"geometry":{"type":"LineString","coordinates":[[-74.0800270211891,39.9296765574115],[-74.0800446196969,39.9296443899027],[-74.0800517541036,39.9296149028557],[-74.0800416027685,39.9295719559399],[-74.0799498118081,39.9291988545735],[-74.0799017556825,39.9289924190059]]}},{"type":"Feature","id":322400,"properties":{"OBJECTID":322400,"PRIMENAME":"South Ocean Avenue","ELEVTYP_F":0,"ELEVTYP_T":0},"geometry":{"type":"LineString","coordinates":[[-74.0762534650537,39.9186368640316],[-74.0763783105788,39.9178988093921]]}},{"type":"Feature","id":322535,"properties":{"OBJECTID":322535,"PRIMENAME":"Farragut Avenue","ELEVTYP_F":0,"ELEVTYP_T":0},"geometry":{"type":"LineString","coordinates":[[-74.0788050335898,39.9368450919758],[-74.0787957314525,39.9368513920157],[-74.0787511174237,39.9368569404695],[-74.0786842839103,39.9368509870929],[-74.0774219541547,39.936729137124]]}},{"type":"Feature","id":322979,"properties":{"OBJECTID":322979,"PRIMENAME":"Barnegat Avenue","ELEVTYP_F":0,"ELEVTYP_T":0},"geometry":{"type":"LineString","coordinates":[[-74.0779625913568,39.9378776073458],[-74.0779717424748,39.9378220196729],[-74.078026243226,39.9374916698555]]}},{"type":"Feature","id":323269,"properties":{"OBJECTID":323269,"PRIMENAME":"Ocean Boulevard","ELEVTYP_F":0,"ELEVTYP_T":0},"geometry":{"type":"LineString","coordinates":[[-74.0745118827045,39.9364519996262],[-74.0743988005625,39.9371371840653]]}},{"type":"Feature","id":326180,"properties":{"OBJECTID":326180,"PRIMENAME":"1st Lane","ELEVTYP_F":0,"ELEVTYP_T":0},"geometry":{"type":"LineString","coordinates":[[-74.0800046169367,39.9128351292853],[-74.0782158355009,39.9126370078176],[-74.0780711263356,39.9126136130141]]}},{"type":"Feature","id":327403,"properties":{"OBJECTID":327403,"PRIMENAME":"North Ocean Avenue","ELEVTYP_F":0,"ELEVTYP_T":0},"geometry":{"type":"LineString","coordinates":[[-74.0730143086523,39.9328269485142],[-74.0731707761734,39.9321407924475]]}},{"type":"Feature","id":327868,"properties":{"OBJECTID":327868,"PRIMENAME":"Lake Avenue","ELEVTYP_F":0,"ELEVTYP_T":0},"geometry":{"type":"LineString","coordinates":[[-74.0791109624713,39.933300691346],[-74.0791442012498,39.9333293917244],[-74.0791775297882,39.9333495536293],[-74.079233075622,39.9333812172341],[-74.0792738384528,39.933398523798],[-74.0793108223608,39.9334215271772],[-74.0793477887913,39.9334531233137],[-74.0793624144025,39.933493204202],[-74.0793623702049,39.9335004241827]]}},{"type":"Feature","id":328268,"properties":{"OBJECTID":328268,"PRIMENAME":"Southwest Central Avenue","ELEVTYP_F":0,"ELEVTYP_T":0},"geometry":{"type":"LineString","coordinates":[[-74.0800729169777,39.9137938500979],[-74.0800690960852,39.9137014539895],[-74.0800598831366,39.9135578910077],[-74.080040925215,39.9133638326322],[-74.0799725954052,39.9130535341325]]}},{"type":"Feature","id":329978,"properties":{"OBJECTID":329978,"PRIMENAME":"13th Avenue","ELEVTYP_F":0,"ELEVTYP_T":0},"geometry":{"type":"LineString","coordinates":[[-74.0847392322137,39.9142801722689],[-74.0822553125005,39.9140133206262]]}},{"type":"Feature","id":329991,"properties":{"OBJECTID":329991,"PRIMENAME":"Barnegat Avenue","ELEVTYP_F":0,"ELEVTYP_T":0},"geometry":{"type":"LineString","coordinates":[[-74.0820002979494,39.9154842911487],[-74.0820283717152,39.9153177467083],[-74.0821253481505,39.9147603141974]]}},{"type":"Feature","id":331468,"properties":{"OBJECTID":331468,"PRIMENAME":"Bayview Avenue","ELEVTYP_F":0,"ELEVTYP_T":0},"geometry":{"type":"LineString","coordinates":[[-74.0773765898006,39.9363870069636],[-74.0774222195601,39.9361466497535],[-74.0774427822793,39.9360448708579]]}},{"type":"Feature","id":334897,"properties":{"OBJECTID":334897,"PRIMENAME":"Southwest Central Avenue","ELEVTYP_F":0,"ELEVTYP_T":0},"geometry":{"type":"LineString","coordinates":[[-74.0787054219657,39.9218212868399],[-74.0787670525039,39.9214635933256],[-74.0788234634533,39.9211315512628]]}},{"type":"Feature","id":335887,"properties":{"OBJECTID":335887,"PRIMENAME":"North Central Avenue","ELEVTYP_F":0,"ELEVTYP_T":0},"geometry":{"type":"LineString","coordinates":[[-74.0762568802998,39.9370938099646],[-74.0763311699532,39.9366251418815]]}},{"type":"Feature","id":337729,"properties":{"OBJECTID":337729,"PRIMENAME":"15th Avenue","ELEVTYP_F":0,"ELEVTYP_T":0},"geometry":{"type":"LineString","coordinates":[[-74.0846615481663,39.912815383765],[-74.0848487407306,39.9128359635857]]}},{"type":"Feature","id":338863,"properties":{"OBJECTID":338863,"PRIMENAME":"Central Avenue","ELEVTYP_F":0,"ELEVTYP_T":0},"geometry":{"type":"LineString","coordinates":[[-74.0807017271853,39.9377530524858],[-74.0806330983925,39.9376946540793],[-74.0804824759624,39.9375970868017],[-74.0803518734523,39.9375151588571],[-74.0801811142807,39.937421471542],[-74.0800354277538,39.9373510195824],[-74.0798294454984,39.9372611024569],[-74.0796131347063,39.9371866046973],[-74.0794168653606,39.9371354609331],[-74.0792306196141,39.9370959102957],[-74.0790746157525,39.9370682469117],[-74.078998015746,39.9370612701738]]}},{"type":"Feature","id":339114,"properties":{"OBJECTID":339114,"PRIMENAME":"7th Avenue","ELEVTYP_F":0,"ELEVTYP_T":0},"geometry":{"type":"LineString","coordinates":[[-74.0763783105788,39.9178988093921],[-74.0782786331171,39.9180987367433],[-74.0787144197028,39.9181419448275]]}},{"type":"Feature","id":339149,"properties":{"OBJECTID":339149,"PRIMENAME":"H Street","ELEVTYP_F":0,"ELEVTYP_T":0},"geometry":{"type":"LineString","coordinates":[[-74.0772854684868,39.928740519379],[-74.077036923832,39.9287165798691],[-74.0739939233318,39.9284120671616]]}},{"type":"Feature","id":339159,"properties":{"OBJECTID":339159,"PRIMENAME":"4th Avenue","ELEVTYP_F":0,"ELEVTYP_T":0},"geometry":{"type":"LineString","coordinates":[[-74.0789431559241,39.920410413431],[-74.0805144158159,39.9205695762962]]}},{"type":"Feature","id":339682,"properties":{"OBJECTID":339682,"PRIMENAME":"L Street","ELEVTYP_F":0,"ELEVTYP_T":0},"geometry":{"type":"LineString","coordinates":[[-74.0791039380754,39.9320194752479],[-74.0788595209543,39.931995059228]]}},{"type":"Feature","id":339746,"properties":{"OBJECTID":339746,"PRIMENAME":"2nd Avenue","ELEVTYP_F":0,"ELEVTYP_T":0},"geometry":{"type":"LineString","coordinates":[[-74.0784657248446,39.9217948290126],[-74.0787054219657,39.9218212868399]]}},{"type":"Feature","id":340833,"properties":{"OBJECTID":340833,"PRIMENAME":"Northwest Central Avenue","ELEVTYP_F":0,"ELEVTYP_T":0},"geometry":{"type":"LineString","coordinates":[[-74.0780441269939,39.9259593462448],[-74.0780499644333,39.9258332445414],[-74.0780921507772,39.9255307732241],[-74.0781236352507,39.9252579406775]]}},{"type":"Feature","id":341180,"properties":{"OBJECTID":341180,"PRIMENAME":"North Ocean Avenue","ELEVTYP_F":0,"ELEVTYP_T":0},"geometry":{"type":"LineString","coordinates":[[-74.0747231249536,39.9256176291827],[-74.074748983994,39.9254839684003],[-74.0747761105829,39.9253010331096],[-74.074844431342,39.9249207449479]]}},{"type":"Feature","id":343700,"properties":{"OBJECTID":343700,"PRIMENAME":"G Street","ELEVTYP_F":0,"ELEVTYP_T":0},"geometry":{"type":"LineString","coordinates":[[-74.0777090527842,39.9280647480272],[-74.0794731479587,39.9282365139731],[-74.0797293024211,39.9282638535325]]}},{"type":"Feature","id":343786,"properties":{"OBJECTID":343786,"PRIMENAME":"11th Avenue","ELEVTYP_F":0,"ELEVTYP_T":0},"geometry":{"type":"LineString","coordinates":[[-74.0838494437893,39.9156781240709],[-74.0820002979494,39.9154842911487]]}},{"type":"Feature","id":346022,"properties":{"OBJECTID":346022,"PRIMENAME":"5th Avenue","ELEVTYP_F":0,"ELEVTYP_T":0},"geometry":{"type":"LineString","coordinates":[[-74.0787956118751,39.9196481680598],[-74.0790967112667,39.9196787473099]]}},{"type":"Feature","id":350762,"properties":{"OBJECTID":350762,"PRIMENAME":"Southeast Central Avenue","ELEVTYP_F":0,"ELEVTYP_T":0},"geometry":{"type":"LineString","coordinates":[[-74.0785854711773,39.9211063617821],[-74.0784989801674,39.9215989554658],[-74.0784657248446,39.9217948290126]]}},{"type":"Feature","id":351023,"properties":{"OBJECTID":351023,"PRIMENAME":"Northeast Central Avenue","ELEVTYP_F":0,"ELEVTYP_T":0},"geometry":{"type":"LineString","coordinates":[[-74.0760305081472,39.9365984841437],[-74.0760046846103,39.936836057041],[-74.0760093261087,39.9368897485579]]}},{"type":"Feature","id":352755,"properties":{"OBJECTID":352755,"PRIMENAME":"Southeast Central Avenue","ELEVTYP_F":0,"ELEVTYP_T":0},"geometry":{"type":"LineString","coordinates":[[-74.0789934966772,39.918169612472],[-74.0789521071358,39.918231480267],[-74.0788479226522,39.9184401370742],[-74.0787825330983,39.918614589413]]}},{"type":"Feature","id":353015,"properties":{"OBJECTID":353015,"PRIMENAME":"Southeast Central Avenue","ELEVTYP_F":0,"ELEVTYP_T":0},"geometry":{"type":"LineString","coordinates":[[-74.0784657248446,39.9217948290126],[-74.078349202694,39.9224803966383]]}},{"type":"Feature","id":353778,"properties":{"OBJECTID":353778,"PRIMENAME":"Central Avenue","ELEVTYP_F":0,"ELEVTYP_T":0},"geometry":{"type":"LineString","coordinates":[[-74.0788338223129,39.9372758845412],[-74.079006442068,39.9372866967466],[-74.0791595790859,39.9373050976658],[-74.0792987708923,39.9373235306493],[-74.0794518423724,39.9373526647725],[-74.0796095279237,39.9373853858602],[-74.0798227450371,39.937446968762],[-74.0799386266009,39.9374866751682],[-74.0800637347566,39.9375336079913],[-74.0801655346325,39.9375840249169],[-74.0802027242517,39.9376040338646],[-74.0802858983112,39.9376487843962],[-74.0803968972547,39.9377171073172],[-74.0804059867451,39.9377241630912]]}},{"type":"Feature","id":353818,"properties":{"OBJECTID":353818,"PRIMENAME":"Central Avenue","ELEVTYP_F":0,"ELEVTYP_T":0},"geometry":{"type":"LineString","coordinates":[[-74.0804059867451,39.9377241630912],[-74.0805032799194,39.9377996888701],[-74.08060022532,39.9378858336457],[-74.0806833188718,39.9379684127512],[-74.0807663185538,39.9380723519253],[-74.0808952454781,39.9382479459509],[-74.0810195137633,39.9384271744946],[-74.0810657954581,39.9384992431453]]}},{"type":"Feature","id":355550,"properties":{"OBJECTID":355550,"PRIMENAME":"Southeast Central Avenue","ELEVTYP_F":0,"ELEVTYP_T":0},"geometry":{"type":"LineString","coordinates":[[-74.0793392662635,39.9167137486119],[-74.0792884547848,39.9170118517046],[-74.0792160722261,39.9174495617404]]}},{"type":"Feature","id":356247,"properties":{"OBJECTID":356247,"PRIMENAME":"Southeast Central Avenue","ELEVTYP_F":0,"ELEVTYP_T":0},"geometry":{"type":"LineString","coordinates":[[-74.0776327782387,39.9266371137141],[-74.077598627297,39.926832653009],[-74.0775177617491,39.9273243057816]]}},{"type":"Feature","id":356396,"properties":{"OBJECTID":356396,"PRIMENAME":"Northeast Central Avenue","ELEVTYP_F":0,"ELEVTYP_T":0},"geometry":{"type":"LineString","coordinates":[[-74.076810074417,39.9317944871964],[-74.0767147312212,39.9323881309827],[-74.0766984961132,39.9324880593285]]}},{"type":"Feature","id":356755,"properties":{"OBJECTID":356755,"PRIMENAME":"Southeast Central Avenue","ELEVTYP_F":0,"ELEVTYP_T":0},"geometry":{"type":"LineString","coordinates":[[-74.0792160722261,39.9174495617404],[-74.0791968577871,39.9175655955511],[-74.0791631963721,39.9177585289215],[-74.0791345414743,39.9178906711324],[-74.0791061870469,39.9179620582525],[-74.0790638897103,39.9180512947318],[-74.0790123297294,39.91813333235],[-74.0789934966772,39.918169612472]]}},{"type":"Feature","id":359819,"properties":{"OBJECTID":359819,"PRIMENAME":"Southeast Central Avenue","ELEVTYP_F":0,"ELEVTYP_T":0},"geometry":{"type":"LineString","coordinates":[[-74.0775177617491,39.9273243057816],[-74.077415334469,39.9279472458489],[-74.077401209913,39.9280347719859]]}},{"type":"Feature","id":363213,"properties":{"OBJECTID":363213,"PRIMENAME":"Southeast Central Avenue","ELEVTYP_F":0,"ELEVTYP_T":0},"geometry":{"type":"LineString","coordinates":[[-74.078349202694,39.9224803966383],[-74.0782774009163,39.9229028982487],[-74.0782333832783,39.9231614369088]]}},{"type":"Feature","id":363416,"properties":{"OBJECTID":363416,"PRIMENAME":"Central Avenue","ELEVTYP_F":0,"ELEVTYP_T":0},"geometry":{"type":"LineString","coordinates":[[-74.076115221333,39.9371086871837],[-74.0761699549443,39.9371476594763],[-74.0762393493984,39.9371836580223],[-74.0762517244369,39.9371874160005],[-74.0763227898174,39.9372090001474],[-74.0764155836297,39.9372271841703],[-74.0767290222041,39.9372469979821]]}},{"type":"Feature","id":364721,"properties":{"OBJECTID":364721,"PRIMENAME":"Southeast Central Avenue","ELEVTYP_F":0,"ELEVTYP_T":0},"geometry":{"type":"LineString","coordinates":[[-74.0781119394896,39.9238752093127],[-74.0780366255154,39.9243176568901],[-74.0779958559264,39.924552185077]]}},{"type":"Feature","id":366323,"properties":{"OBJECTID":366323,"PRIMENAME":"Central Avenue","ELEVTYP_F":0,"ELEVTYP_T":0},"geometry":{"type":"LineString","coordinates":[[-74.0800046169367,39.9128351292853],[-74.0799725954052,39.9130535341325]]}},{"type":"Feature","id":371082,"properties":{"OBJECTID":371082,"PRIMENAME":"Southeast Central Avenue","ELEVTYP_F":0,"ELEVTYP_T":0},"geometry":{"type":"LineString","coordinates":[[-74.0777560003636,39.9259312551395],[-74.0776327782387,39.9266371137141]]}},{"type":"Feature","id":371180,"properties":{"OBJECTID":371180,"PRIMENAME":"Central Avenue","ELEVTYP_F":0,"ELEVTYP_T":0},"geometry":{"type":"LineString","coordinates":[[-74.0767290222041,39.9372469979821],[-74.0770345726584,39.9372576209931],[-74.0776201890029,39.9372779764309]]}},{"type":"Feature","id":373566,"properties":{"OBJECTID":373566,"PRIMENAME":"Northeast Central Avenue","ELEVTYP_F":0,"ELEVTYP_T":0},"geometry":{"type":"LineString","coordinates":[[-74.0769302619388,39.9310863952088],[-74.0768547582557,39.9315164045608],[-74.076810074417,39.9317944871964]]}},{"type":"Feature","id":374949,"properties":{"OBJECTID":374949,"PRIMENAME":"Southeast Central Avenue","ELEVTYP_F":0,"ELEVTYP_T":0},"geometry":{"type":"LineString","coordinates":[[-74.0798462339007,39.9137716702343],[-74.0798035447415,39.9140073445668],[-74.079716903133,39.9145101245749]]}},{"type":"Feature","id":377465,"properties":{"OBJECTID":377465,"PRIMENAME":"Southwest Central Avenue","ELEVTYP_F":0,"ELEVTYP_T":0},"geometry":{"type":"LineString","coordinates":[[-74.0799725954052,39.9130535341325],[-74.0799284396738,39.9133178515085],[-74.0798462339007,39.9137716702343]]}},{"type":"Feature","id":378074,"properties":{"OBJECTID":378074,"PRIMENAME":"Southeast Central Avenue","ELEVTYP_F":0,"ELEVTYP_T":0},"geometry":{"type":"LineString","coordinates":[[-74.0770924784811,39.9299341156654],[-74.0770359615376,39.9303505495182]]}},{"type":"Feature","id":379257,"properties":{"OBJECTID":379257,"PRIMENAME":"Northeast Central Avenue","ELEVTYP_F":0,"ELEVTYP_T":0},"geometry":{"type":"LineString","coordinates":[[-74.0762570965796,39.9352372429126],[-74.0762411722162,39.9353290595313],[-74.0761962314825,39.9355882104571],[-74.0761802911531,39.9356801224791]]}},{"type":"Feature","id":379333,"properties":{"OBJECTID":379333,"PRIMENAME":"Northeast Central Avenue","ELEVTYP_F":0,"ELEVTYP_T":0},"geometry":{"type":"LineString","coordinates":[[-74.0761399620271,39.935922064035],[-74.0760679289546,39.9363715766756],[-74.0760305081472,39.9365984841437]]}},{"type":"Feature","id":379676,"properties":{"OBJECTID":379676,"PRIMENAME":"Southeast Central Avenue","ELEVTYP_F":0,"ELEVTYP_T":0},"geometry":{"type":"LineString","coordinates":[[-74.0772854684868,39.928740519379],[-74.0772176740975,39.929129789009],[-74.0771652330641,39.9294519886454]]}},{"type":"Feature","id":379832,"properties":{"OBJECTID":379832,"PRIMENAME":"Northeast Central Avenue","ELEVTYP_F":0,"ELEVTYP_T":0},"geometry":{"type":"LineString","coordinates":[[-74.0764850595075,39.9338479765426],[-74.0763956129161,39.9344388419609],[-74.0763774190065,39.9345439511925]]}},{"type":"Feature","id":379858,"properties":{"OBJECTID":379858,"PRIMENAME":"Southeast Central Avenue","ELEVTYP_F":0,"ELEVTYP_T":0},"geometry":{"type":"LineString","coordinates":[[-74.0787956118751,39.9196481680598],[-74.078798688826,39.9196696757802],[-74.0788071794792,39.9197912450473],[-74.0787925812478,39.9198984270374],[-74.0787588954567,39.9200949575896],[-74.0787091143463,39.9203867220333]]}},{"type":"Feature","id":380462,"properties":{"OBJECTID":380462,"PRIMENAME":"Southeast Central Avenue","ELEVTYP_F":0,"ELEVTYP_T":0},"geometry":{"type":"LineString","coordinates":[[-74.079716903133,39.9145101245749],[-74.079590596475,39.9152430727329]]}},{"type":"Feature","id":380676,"properties":{"OBJECTID":380676,"PRIMENAME":"Central Avenue","ELEVTYP_F":0,"ELEVTYP_T":0},"geometry":{"type":"LineString","coordinates":[[-74.0776201890029,39.9372779764309],[-74.0780144522183,39.9372664948881],[-74.0782729271504,39.9372589659092],[-74.0784298031428,39.9372621701069],[-74.0787046956369,39.9372677836529],[-74.0788338223129,39.9372758845412]]}},{"type":"Feature","id":380978,"properties":{"OBJECTID":380978,"PRIMENAME":"Northeast Central Avenue","ELEVTYP_F":0,"ELEVTYP_T":0},"geometry":{"type":"LineString","coordinates":[[-74.0763774190065,39.9345439511925],[-74.0762570965796,39.9352372429126]]}},{"type":"Feature","id":381555,"properties":{"OBJECTID":381555,"PRIMENAME":"Central Avenue","ELEVTYP_F":0,"ELEVTYP_T":0},"geometry":{"type":"LineString","coordinates":[[-74.0800530309606,39.912539375056],[-74.0800046169367,39.9128351292853]]}},{"type":"Feature","id":381745,"properties":{"OBJECTID":381745,"PRIMENAME":"Decatur Avenue","ELEVTYP_F":0,"ELEVTYP_T":0},"geometry":{"type":"LineString","coordinates":[[-74.0775537394665,39.9353360047149],[-74.0774974216864,39.9353309941881],[-74.077434210958,39.9353393296397],[-74.0773300607451,39.9353589639206],[-74.0772944581826,39.9353635565817],[-74.0772222354527,39.9353728741686],[-74.0771319726946,39.9353843020469],[-74.0770213667,39.9353983055485],[-74.0769736826261,39.9354043357135]]}},{"type":"Feature","id":386555,"properties":{"OBJECTID":386555,"PRIMENAME":"Southeast Central Avenue","ELEVTYP_F":0,"ELEVTYP_T":0},"geometry":{"type":"LineString","coordinates":[[-74.0778775325331,39.9252332705688],[-74.0778199782576,39.9255644295623],[-74.0777560003636,39.9259312551395]]}},{"type":"Feature","id":386574,"properties":{"OBJECTID":386574,"PRIMENAME":"Southeast Central Avenue","ELEVTYP_F":0,"ELEVTYP_T":0},"geometry":{"type":"LineString","coordinates":[[-74.079590596475,39.9152430727329],[-74.0795388452273,39.9155435333915],[-74.0794644418475,39.9159799735626]]}},{"type":"Feature","id":391144,"properties":{"OBJECTID":391144,"PRIMENAME":"Southeast Central Avenue","ELEVTYP_F":0,"ELEVTYP_T":0},"geometry":{"type":"LineString","coordinates":[[-74.0779958559264,39.924552185077],[-74.0778775325331,39.9252332705688]]}},{"type":"Feature","id":391816,"properties":{"OBJECTID":391816,"PRIMENAME":"Bayview Avenue","ELEVTYP_F":0,"ELEVTYP_T":0},"geometry":{"type":"LineString","coordinates":[[-74.0775537394665,39.9353360047149],[-74.0776300848873,39.9352795629742],[-74.0777264516662,39.9347797860633],[-74.0777430556916,39.9346777458753]]}},{"type":"Feature","id":392289,"properties":{"OBJECTID":392289,"PRIMENAME":"Northeast Central Avenue","ELEVTYP_F":0,"ELEVTYP_T":0},"geometry":{"type":"LineString","coordinates":[[-74.0765882231698,39.9331663166529],[-74.0764850595075,39.9338479765426]]}},{"type":"Feature","id":393538,"properties":{"OBJECTID":393538,"PRIMENAME":"Southeast Central Avenue","ELEVTYP_F":0,"ELEVTYP_T":0},"geometry":{"type":"LineString","coordinates":[[-74.0782333832783,39.9231614369088],[-74.0781119394896,39.9238752093127]]}},{"type":"Feature","id":397773,"properties":{"OBJECTID":397773,"PRIMENAME":"Southeast Central Avenue","ELEVTYP_F":0,"ELEVTYP_T":0},"geometry":{"type":"LineString","coordinates":[[-74.0787091143463,39.9203867220333],[-74.0786144001283,39.9209415517335],[-74.0785854711773,39.9211063617821]]}},{"type":"Feature","id":397852,"properties":{"OBJECTID":397852,"PRIMENAME":"Southeast Central Avenue","ELEVTYP_F":0,"ELEVTYP_T":0},"geometry":{"type":"LineString","coordinates":[[-74.0794644418475,39.9159799735626],[-74.0793392662635,39.9167137486119]]}},{"type":"Feature","id":398246,"properties":{"OBJECTID":398246,"PRIMENAME":"Central Avenue","ELEVTYP_F":0,"ELEVTYP_T":0},"geometry":{"type":"LineString","coordinates":[[-74.0760093261087,39.9368897485579],[-74.0760133384123,39.936936186112],[-74.0760407995979,39.9370113728828],[-74.0760729810631,39.9370615108915],[-74.0761144559509,39.9371081421548],[-74.076115221333,39.9371086871837]]}},{"type":"Feature","id":398506,"properties":{"OBJECTID":398506,"PRIMENAME":"Northeast Central Avenue","ELEVTYP_F":0,"ELEVTYP_T":0},"geometry":{"type":"LineString","coordinates":[[-74.0761802911531,39.9356801224791],[-74.0761399620271,39.935922064035]]}},{"type":"Feature","id":398713,"properties":{"OBJECTID":398713,"PRIMENAME":"Northeast Central Avenue","ELEVTYP_F":0,"ELEVTYP_T":0},"geometry":{"type":"LineString","coordinates":[[-74.0766984961132,39.9324880593285],[-74.0765892263365,39.9331597856203],[-74.0765882231698,39.9331663166529]]}},{"type":"Feature","id":399328,"properties":{"OBJECTID":399328,"PRIMENAME":"Bayview Avenue","ELEVTYP_F":0,"ELEVTYP_T":0},"geometry":{"type":"LineString","coordinates":[[-74.0777430556916,39.9346777458753],[-74.0778413870504,39.9340725534588],[-74.0777867025542,39.9339704185]]}},{"type":"Feature","id":399694,"properties":{"OBJECTID":399694,"PRIMENAME":"Southeast Central Avenue","ELEVTYP_F":0,"ELEVTYP_T":0},"geometry":{"type":"LineString","coordinates":[[-74.0786893182389,39.9191701741925],[-74.0786893117278,39.9191702822551],[-74.0786851900326,39.9192438640787],[-74.0787076992419,39.9193583470032],[-74.0787487854428,39.9194728965093],[-74.0787759961905,39.9195766887566],[-74.0787956118751,39.9196481680598]]}},{"type":"Feature","id":400196,"properties":{"OBJECTID":400196,"PRIMENAME":"Southeast Central Avenue","ELEVTYP_F":0,"ELEVTYP_T":0},"geometry":{"type":"LineString","coordinates":[[-74.0771652330641,39.9294519886454],[-74.077121166086,39.9297228527072],[-74.0770924784811,39.9299341156654]]}},{"type":"Feature","id":400223,"properties":{"OBJECTID":400223,"PRIMENAME":"Northeast Central Avenue","ELEVTYP_F":0,"ELEVTYP_T":0},"geometry":{"type":"LineString","coordinates":[[-74.0770359615376,39.9303505495182],[-74.0769557977202,39.930941229826],[-74.0769302619388,39.9310863952088]]}},{"type":"Feature","id":401402,"properties":{"OBJECTID":401402,"PRIMENAME":"Southeast Central Avenue","ELEVTYP_F":0,"ELEVTYP_T":0},"geometry":{"type":"LineString","coordinates":[[-74.077401209913,39.9280347719859],[-74.0773090910516,39.9286046539901],[-74.0772854684868,39.928740519379]]}},{"type":"Feature","id":434198,"properties":{"OBJECTID":434198,"PRIMENAME":"Dupont Avenue","ELEVTYP_F":0,"ELEVTYP_T":0},"geometry":{"type":"LineString","coordinates":[[-74.0720757117266,39.9376842234081],[-74.0715793358508,39.9376253345036],[-74.0715782087169,39.9376252006357]]}},{"type":"Feature","id":434449,"properties":{"OBJECTID":434449,"PRIMENAME":"Lafayette Avenue","ELEVTYP_F":0,"ELEVTYP_T":0},"geometry":{"type":"LineString","coordinates":[[-74.0748486524597,39.9343949084453],[-74.0760791713737,39.9345147209542],[-74.0763774190065,39.9345439511925]]}},{"type":"Feature","id":434865,"properties":{"OBJECTID":434865,"PRIMENAME":"Boardwalk","ELEVTYP_F":0,"ELEVTYP_T":0},"geometry":{"type":"LineString","coordinates":[[-74.0715782087169,39.9376252006357],[-74.0712815658416,39.9388798246431],[-74.0704148424782,39.942297504738],[-74.0701959382574,39.9432823787122],[-74.0700309752977,39.9441369485547],[-74.0699511928893,39.9444824008468]]}},{"type":"Feature","id":435318,"properties":{"OBJECTID":435318,"PRIMENAME":"Boardwalk","ELEVTYP_F":0,"ELEVTYP_T":0},"geometry":{"type":"LineString","coordinates":[[-74.0771341189031,39.9127772761346],[-74.0768965300263,39.9140104092902],[-74.0767481216189,39.9148431805789],[-74.0763694461275,39.9169410483005],[-74.0761086479612,39.9183767053391],[-74.075881191047,39.9194320884292],[-74.0755504026831,39.9208202601974],[-74.0753517737912,39.9216772632958],[-74.074822452856,39.9239011701346],[-74.0741422295382,39.9266987024126],[-74.0730750223862,39.931011780167],[-74.0728384439855,39.9320387667183],[-74.0723473802798,39.9340076063318],[-74.071994389592,39.9354882408051],[-74.0719666670914,39.9355711295115],[-74.0717683437348,39.936470529173],[-74.0717364427019,39.9366411915183],[-74.0718657862902,39.936660162695],[-74.0718135871606,39.9368844768816]]}},{"type":"Feature","id":435319,"properties":{"OBJECTID":435319,"PRIMENAME":"Boardwalk","ELEVTYP_F":0,"ELEVTYP_T":0},"geometry":{"type":"LineString","coordinates":[[-74.0717700387692,39.9368802195931],[-74.0715782087169,39.9376252006357]]}},{"type":"Feature","id":479932,"properties":{"OBJECTID":479932,"PRIMENAME":"FR NJ 35 SB TO 7TH AVE","ELEVTYP_F":0,"ELEVTYP_T":0},"geometry":{"type":"LineString","coordinates":[[-74.0795624277019,39.9188044431668],[-74.0796062461328,39.9187185573],[-74.0796271865198,39.9186444662537],[-74.0796425292824,39.9185459256232],[-74.0796750416634,39.9183509784701],[-74.0796853702439,39.918319096245],[-74.0797067311524,39.9182908001355],[-74.0797270835669,39.9182766875848],[-74.0797722137464,39.918250732108]]}},{"type":"Feature","id":479933,"properties":{"OBJECTID":479933,"PRIMENAME":"FR 7TH AVE TO NJ 35 NB","ELEVTYP_F":0,"ELEVTYP_T":0},"geometry":{"type":"LineString","coordinates":[[-74.0787144197028,39.9181419448275],[-74.0787488542341,39.9181661434317],[-74.0787623414859,39.9181779954435],[-74.0787798999439,39.9181989414856],[-74.0787898054227,39.9182180447783],[-74.0787943910838,39.9182393976564],[-74.078789293681,39.9183015728549],[-74.078784329767,39.9183419583548],[-74.0787748579677,39.9184445211919],[-74.0787825330983,39.918614589413]]}},{"type":"Feature","id":479934,"properties":{"OBJECTID":479934,"PRIMENAME":"FR NJ 35 SB TO 5TH AVE","ELEVTYP_F":0,"ELEVTYP_T":0},"geometry":{"type":"LineString","coordinates":[[-74.0786893117278,39.9191702822551],[-74.0786493003884,39.9192119320081],[-74.0786280804846,39.9192455417673],[-74.0786125519906,39.919292628037],[-74.0785939458374,39.9194040180138],[-74.0785753570212,39.9195305076907],[-74.0785687463162,39.9195523035667],[-74.0785540347155,39.9195746932968],[-74.078516616118,39.919603235263],[-74.078491229258,39.9196168104828]]}},{"type":"Feature","id":479935,"properties":{"OBJECTID":479935,"PRIMENAME":"5th Avenue","ELEVTYP_F":0,"ELEVTYP_T":0},"geometry":{"type":"LineString","coordinates":[[-74.078491229258,39.9196168104828],[-74.0786535083323,39.9196337050674],[-74.0787956118751,39.9196481680598]]}},{"type":"Feature","id":479936,"properties":{"OBJECTID":479936,"PRIMENAME":"7th Avenue","ELEVTYP_F":0,"ELEVTYP_T":0},"geometry":{"type":"LineString","coordinates":[[-74.0787144197028,39.9181419448275],[-74.0789934966772,39.918169612472]]}},{"type":"Feature","id":479937,"properties":{"OBJECTID":479937,"PRIMENAME":"7th Avenue","ELEVTYP_F":0,"ELEVTYP_T":0},"geometry":{"type":"LineString","coordinates":[[-74.0793582689277,39.9182057751707],[-74.0794642413277,39.9182162629033],[-74.0797722137464,39.918250732108]]}},{"type":"Feature","id":479938,"properties":{"OBJECTID":479938,"PRIMENAME":"Southeast Central Avenue","ELEVTYP_F":0,"ELEVTYP_T":0},"geometry":{"type":"LineString","coordinates":[[-74.0787257365565,39.9188997306935],[-74.0787255870757,39.9189006443796],[-74.0787002340149,39.9190580284743],[-74.0786903939177,39.9191509792881],[-74.0786893182389,39.9191701741925]]}},{"type":"Feature","id":479939,"properties":{"OBJECTID":479939,"PRIMENAME":"Southeast Central Avenue","ELEVTYP_F":0,"ELEVTYP_T":0},"geometry":{"type":"LineString","coordinates":[[-74.0787825330983,39.918614589413],[-74.0787501678778,39.9187543480159],[-74.0787257365565,39.9188997306935],[-74.0787255870757,39.9189006443796]]}},{"type":"Feature","id":479940,"properties":{"OBJECTID":479940,"PRIMENAME":"Southwest Central Avenue","ELEVTYP_F":0,"ELEVTYP_T":0},"geometry":{"type":"LineString","coordinates":[[-74.079546487036,39.9189756632883],[-74.0795589160483,39.9188671825893],[-74.0795624277019,39.9188044431668]]}}]}
